OID_,UIDENTSTLAE,ULAND,UREGBEZ,UKREIS,UGEMEINDE,UJAHR,UMONAT,USTUNDE,UWOCHENTAG,UKATEGORIE,UART,UTYP1,ULICHTVERH,IstStrassenzustand,IstRad,IstPKW,IstFuss,IstKrad,IstGkfz,IstSonstige,LINREFX,LINREFY,XGCSWGS84,YGCSWGS84,PLST,index_right,FID,SBZ,Name
139219,14230518148410325110,14,7,13,000,2023,05,17,5,3,3,6,0,0,0,1,0,1,0,0,"734653,416500000283122","5693492,000099999830127",12.369502652000051,51.344188114000076,1,0,0,0,Mitte
139243,14230517148410345130,14,7,13,000,2023,05,12,4,3,5,2,0,0,1,1,0,0,0,0,"733842,367999999783933","5693189,926999999210238",12.357679559000076,51.34181070600005,1,0,0,0,Mitte
139245,14230517144200400120,14,7,13,000,2023,05,19,4,2,5,3,0,0,0,1,0,0,0,1,"742257,540900000371039","5694730,642799999564886",12.47932410900006,51.35211643800005,1,2,2,2,Ost
139268,14230516148110323660,14,7,13,000,2023,05,09,3,3,3,7,0,0,0,1,0,0,1,0,"738748,674599999561906","5694495,433000000193715",12.428869301000077,51.35148992100005,1,2,2,2,Ost
139306,14230515148110312980,14,7,30,270,2023,05,02,2,3,8,1,2,0,0,1,0,0,0,0,"726905,641200000420213","5699446,096200000494719",12.262245820000032,51.400785195000026,1,8,8,8,Nordwest
139307,14230515144310399710,14,7,13,000,2023,05,08,2,3,2,6,0,0,0,1,0,0,0,0,"742070,467600000090897","5684704,564799999818206",12.469841373000065,51.262207157000034,1,3,3,3,Südost
139334,14230514148310312510,14,7,13,000,2023,05,16,1,3,2,6,0,0,0,1,0,0,0,0,"728090,655399999581277","5684093,676899999380112",12.269425779000073,51.26248689700003,1,5,5,5,Südwest
139335,14230514148210323680,14,7,13,000,2023,05,17,1,3,8,1,0,0,0,1,0,0,0,0,"742768,974499999545515","5688903,144300000742078",12.482686018000038,51.29959437400004,1,3,3,3,Südost
139358,14230513148310312170,14,7,13,000,2023,05,11,7,3,2,6,0,0,0,1,0,1,0,0,"728675,417299999855459","5691567,706499999389052",12.282579626000029,51.32934925600006,1,6,6,6,West
139359,14230513148110323620,14,7,13,000,2023,05,17,7,3,1,5,0,0,0,1,0,0,0,0,"730338,364400000311434","5697697,422399999573827",12.31037626400007,51.38370447600005,1,8,8,8,Nordwest
140280,14231223148110918100,14,7,13,000,2023,12,14,7,3,8,1,0,1,0,1,0,0,0,0,"730179,485799999907613","5701195,678899999707937",12.31036559100005,51.41517231900008,1,8,8,8,Nordwest
140299,14231222148410907280,14,7,13,000,2023,12,07,6,3,0,7,2,1,1,0,0,0,0,0,"736321,025600000284612","5693613,937599999830127",12.393484656000055,51.34459196500006,1,0,0,0,Mitte
140325,14231221144200906980,14,7,13,000,2023,12,14,5,3,5,3,0,1,0,1,0,0,0,0,"728239,994699999690056","5685705,068600000813603",12.27259113200006,51.276893261000055,1,5,5,5,Südwest
140338,14231220148410906760,14,7,13,000,2023,12,04,4,3,5,3,2,1,1,1,0,0,0,0,"736059,535199999809265","5693821,205399999395013",12.389874225000028,51.34656107500007,1,0,0,0,Mitte
140339,14231220148110906740,14,7,13,000,2023,12,07,4,3,4,2,2,1,0,1,0,0,0,0,"730962,876000000163913","5697338,221000000834465",12.319101966000062,51.38022628600004,1,8,8,8,Nordwest
140340,14231220144310906720,14,7,13,000,2023,12,05,4,2,5,3,2,1,0,1,0,0,0,1,"741287,826500000432134","5696604,242300000041723",12.466695179000055,51.369345355000064,1,2,2,2,Ost
140343,14231220144200046700,14,7,13,000,2023,12,19,4,3,6,4,2,1,0,1,1,0,0,0,"735337,408099999651313","5693518,385999999940395",12.379323544000044,51.34414225900008,1,0,0,0,Mitte
140360,14231219144200893070,14,7,13,000,2023,12,13,3,3,3,6,0,0,0,1,0,0,0,1,"735438,081299999728799","5693459,474199999123812",12.380727507000074,51.34357176900005,1,0,0,0,Mitte
140387,14231218148423942680,14,7,13,000,2023,12,07,2,3,5,2,1,0,1,1,0,0,0,0,"736513,955900000408292","5692235,996999999508262",12.395334906000073,51.33214310800008,1,3,3,3,Südost
140388,14231218148410892810,14,7,13,000,2023,12,15,2,3,6,6,0,0,0,0,1,0,0,1,"733818,692999999970198","5693181,451300000771880",12.35733467700004,51.341744360000064,1,0,0,0,Mitte
140433,14231214148310963100,14,7,13,000,2023,12,06,5,3,6,2,2,1,0,1,1,0,0,0,"731531,326000000350177","5688437,850999999791384",12.321470293000061,51.300097695000034,1,5,5,5,Südwest
140434,14231214148310893140,14,7,13,000,2023,12,19,5,3,2,2,2,1,0,1,0,0,0,0,"727593,292000000365078","5685591,102399999275804",12.263262062000024,51.27612876200004,1,5,5,5,Südwest
140435,14231214148210932320,14,7,13,000,2023,12,07,5,3,1,6,0,1,0,1,0,0,0,0,"735413,043600000441074","5690254,130000000819564",12.378251353000053,51.31480987800006,1,4,4,4,Süd
140436,14231214144310000120,14,7,13,000,2023,12,15,5,3,2,6,0,1,0,1,0,0,1,1,"744257,882100000046194","5693836,571499999612570",12.507382218000032,51.34323601500006,1,2,2,2,Ost
140437,14231214144200892270,14,7,13,000,2023,12,14,5,3,8,1,0,1,0,1,0,0,0,0,"730843,608400000259280","5692908,150699999183416",12.31451639100004,51.340506607000066,1,7,7,7,Alt-West
140457,14231213144200885620,14,7,13,000,2023,12,16,4,3,5,3,2,0,0,1,0,0,0,0,"735172,014999999664724","5693550,752000000327826",12.376974392000022,51.344501222000076,1,0,0,0,Mitte
140471,14231212148310907460,14,7,13,000,2023,12,16,3,3,1,6,2,0,0,1,0,0,0,0,"728865,411999999545515","5693218,812999999150634",12.286362935000056,51.344095131000074,1,7,7,7,Alt-West
140505,14231210148410892540,14,7,13,000,2023,12,18,1,3,4,2,2,0,0,1,0,0,0,0,"736426,284900000318885","5692746,347400000318885",12.394417360000034,51.33676055900003,1,3,3,3,Südost
140524,14231207148310873250,14,7,13,000,2023,12,15,5,3,6,4,0,0,0,1,1,0,0,0,"729953,042999999597669","5693107,033999999985099",12.301880668000024,51.342652834000035,1,7,7,7,Alt-West
140618,14231201144200943000,14,7,13,000,2023,12,13,6,3,1,2,0,1,0,1,0,0,0,0,"735967,359500000253320","5697123,670800000429153",12.390743687000054,51.376242912000066,1,9,9,9,Nord
140630,14231130148410866850,14,7,13,000,2023,11,16,5,3,6,4,1,1,0,0,1,0,0,1,"736061,158800000324845","5693821,308299999684095",12.389897564000023,51.34656132400005,1,0,0,0,Mitte
140638,14231129148410841550,14,7,13,000,2023,11,06,4,3,5,3,1,2,1,0,0,0,0,1,"736326,895499999634922","5692427,327400000765920",12.392781472000024,51.33393828000004,1,3,3,3,Südost
140664,14231128148410873050,14,7,13,000,2023,11,20,3,3,3,7,2,1,0,1,0,0,0,1,"736308,312199999578297","5692434,406099999323487",12.392519881000055,51.33400954100006,1,0,0,0,Mitte
140668,14231128144310849670,14,7,13,000,2023,11,03,3,3,9,1,2,2,0,1,0,0,0,0,"733698,524199999868870","5700904,137800000607967",12.360690299000055,51.411116167000046,1,8,8,8,Nordwest
140672,14231128144200841510,14,7,13,000,2023,11,18,3,3,2,6,2,2,0,1,0,0,0,1,"739729,398099999874830","5695477,080600000917912",12.443588349000038,51.35988813100005,1,2,2,2,Ost
140708,14231127144310925340,14,7,30,270,2023,11,07,2,3,2,6,0,1,0,1,0,0,0,0,"730308,108199999667704","5701195,478800000622869",12.312211946000048,51.41511830300004,1,8,8,8,Nordwest
140709,14231127144200827360,14,7,13,000,2023,11,07,2,3,5,3,0,1,0,1,0,0,0,0,"733019,667500000447035","5696872,152000000700355",12.348299972000063,51.37520228300008,1,8,8,8,Nordwest
140741,14231125144200827070,14,7,13,000,2023,11,10,7,3,5,7,0,1,0,1,0,0,0,0,"735430,667999999597669","5699081,547000000253320",12.384343683000054,51.394039967000026,1,9,9,9,Nord
140742,14231125144200827060,14,7,13,000,2023,11,17,7,3,5,3,2,1,0,1,0,0,0,0,"735029,441300000064075","5702116,701400000602007",12.38059747400007,51.42145046300004,1,9,9,9,Nord
140760,14231124148410850910,14,7,13,000,2023,11,11,6,3,2,6,0,1,0,1,0,0,0,0,"735572,936999999918044","5693420,714999999850988",12.382634678000045,51.34316799800007,1,0,0,0,Mitte
140761,14231124148210826530,14,7,13,000,2023,11,16,6,3,2,6,2,1,0,1,0,0,0,0,"734511,345499999821186","5689679,562000000849366",12.364957984000057,51.310024518000034,1,4,4,4,Süd
140773,14231216148210976300,14,7,13,000,2023,12,11,7,3,2,2,0,0,0,1,0,0,0,0,"738155,563900000415742","5689954,895300000905991",12.417332904000034,51.31098301000003,1,3,3,3,Südost
140812,14231121148415817940,14,7,13,000,2023,11,17,3,3,2,6,2,1,0,1,0,0,0,0,"736546,214999999850988","5692202,486999999731779",12.39577489100003,51.33182890100005,1,3,3,3,Südost
140816,14231121143263826480,14,7,13,000,2023,11,17,3,3,3,2,1,1,1,1,0,0,0,0,"733556,603099999949336","5693106,491800000891089",12.353529170000058,51.34117919600004,1,0,0,0,Mitte
140834,14231120148221851300,14,7,13,000,2023,11,15,2,3,5,3,0,0,1,1,0,0,0,0,"741526,224600000306964","5690286,800699999555945",12.465829459000076,51.31254191000005,1,3,3,3,Südost
140866,14231117144200806720,14,7,13,000,2023,11,11,6,2,5,3,0,0,0,1,0,0,1,0,"726967,015999999828637","5686124,598999999463558",12.25463678500006,51.281168010000044,1,5,5,5,Südwest
140910,14231115148320817650,14,7,13,000,2023,11,10,4,3,5,3,0,1,1,1,0,0,0,0,"727240,684299999848008","5693202,398299999535084",12.263063162000037,51.344599480000056,1,7,7,7,Alt-West
140911,14231115148110787980,14,7,13,000,2023,11,16,4,3,8,1,1,1,0,1,0,0,0,0,"730426,449799999594688","5700988,736700000241399",12.313776508000046,51.413214348000054,1,8,8,8,Nordwest
140951,14231113148110849390,14,7,13,000,2023,11,19,2,3,2,6,2,1,0,1,0,0,0,0,"736053,417999999597669","5698846,828700000420213",12.393122911000034,51.39167444200007,1,9,9,9,Nord
140976,14231112148410817660,14,7,13,000,2023,11,16,1,3,5,2,2,0,1,1,0,0,0,0,"732153,744500000029802","5692471,151100000366569",12.333008793000033,51.33605039500003,1,7,7,7,Alt-West
140977,14231112148110786810,14,7,13,000,2023,11,06,1,3,9,1,2,1,0,1,0,0,0,0,"736677,594299999997020","5695527,194700000807643",12.399867524000058,51.36161726700004,1,1,1,1,Nordost
141016,14231128144310892770,14,7,13,000,2023,11,17,3,3,3,6,2,2,0,1,0,0,0,0,"727784,367499999701977","5684112,755100000649691",12.265055282000048,51.26278061000005,1,5,5,5,Südwest
141033,14231109148310786840,14,7,13,000,2023,11,17,5,3,2,6,2,0,0,1,0,0,0,0,"730306,381699999794364","5688544,129899999126792",12.303997664000065,51.30154850800005,1,5,5,5,Südwest
141034,14231109148210786040,14,7,13,000,2023,11,12,5,3,5,3,0,0,0,1,0,0,0,1,"739191,216699999757111","5688805,042799999937415",12.431394436000062,51.300227834000054,1,3,3,3,Südost
141035,14231109144200786790,14,7,13,000,2023,11,18,5,2,5,3,2,0,1,1,0,0,0,0,"736064,267799999564886","5700914,835599999874830",12.394654046000028,51.41023255300007,1,9,9,9,Nord
141067,14231108148410786060,14,7,13,000,2023,11,22,4,3,5,3,2,0,1,1,0,0,0,0,"735173,558299999684095","5693551,092399999499321",12.376996736000024,51.34450363900004,1,0,0,0,Mitte
141068,14231108148210786030,14,7,13,000,2023,11,11,4,2,4,6,0,0,1,0,0,0,0,0,"744941,571899999864399","5693549,791799999773502",12.516982486000074,51.340368055000056,1,2,2,2,Ost
141069,14231110148210787990,14,7,13,000,2023,11,12,6,3,2,6,0,1,0,1,0,1,0,0,"739846,183299999684095","5688142,089800000190735",12.440326983000034,51.29400180700003,1,3,3,3,Südost
141080,14231107148210779340,14,7,13,000,2023,11,19,3,3,6,4,2,0,1,0,1,0,0,0,"734949,903199999593198","5690236,887800000607967",12.371606148000069,51.31484648000003,1,4,4,4,Süd
141105,14231104144200873500,14,7,13,000,2023,11,10,7,3,3,6,0,0,0,1,0,0,0,0,"736050,764700000174344","5696924,870899999514222",12.391807903000029,51.37442379300006,1,9,9,9,Nord
141146,14231102148210873540,14,7,13,000,2023,11,13,5,3,5,2,0,0,1,0,0,0,0,0,"734720,439299999736249","5690205,567999999970198",12.368298767000056,51.31466001700005,1,4,4,4,Süd
141168,14231101148310770440,14,7,13,000,2023,11,12,4,3,5,3,0,0,1,1,0,0,0,0,"728216,929999999701977","5690791,122500000521541",12.275512496000033,51.322561764000056,1,6,6,6,West
141171,14231101144200806400,14,7,13,000,2023,11,14,4,3,6,4,0,0,0,0,1,0,0,1,"739440,503600000403821","5688553,832499999552965",12.434795287000043,51.29786824100006,1,3,3,3,Südost
141184,14231031144200955680,14,7,13,000,2023,10,12,3,3,1,6,0,0,0,1,0,0,0,0,"727745,941700000315905","5690167,923800000920892",12.26836634800003,51.31715580100007,1,6,6,6,West
141190,14231030148310767620,14,7,13,000,2023,10,11,2,3,4,2,0,0,1,1,0,0,0,0,"732538,850899999961257","5692413,712500000372529",12.338490168000021,51.335377453000035,1,7,7,7,Alt-West
141192,14231030144200851280,14,7,13,000,2023,10,18,2,3,6,4,2,0,0,0,1,0,0,1,"734784,728199999779463","5693487,159900000318885",12.37138152600005,51.34409045700005,1,0,0,0,Mitte
141193,14231030144200757380,14,7,13,000,2023,10,14,2,3,2,6,0,0,0,1,0,0,0,0,"736091,328900000080466","5693861,176599999889731",12.390356438000026,51.34690666200004,1,0,0,0,Mitte
141215,14231028148310757060,14,7,13,000,2023,10,15,7,3,3,2,0,0,1,1,0,0,0,0,"736727,825000000186265","5692015,168999999761581",12.39825266300005,51.330071952000026,1,3,3,3,Südost
141223,14231127148310827460,14,7,13,000,2023,11,06,2,3,5,3,2,1,0,1,0,1,0,0,"727437,599000000394881","5690081,364000000059605",12.26389385300007,51.31650203100003,1,6,6,6,West
141236,14231027148310756030,14,7,13,000,2023,10,12,6,3,1,6,0,1,0,1,0,0,0,0,"727756,422299999743700","5690170,959400000050664",12.268518431000075,51.317178858000034,1,6,6,6,West
141237,14231027148110756020,14,7,13,000,2023,10,22,6,3,6,4,1,1,0,1,1,0,0,0,"734934,901200000196695","5693494,029699999839067",12.373538449000023,51.344090090000066,1,0,0,0,Mitte
141239,14231027144310757390,14,7,13,000,2023,10,07,6,3,3,6,2,1,0,1,0,0,0,0,"735965,839999999850988","5700317,255000000819564",12.392843852000055,51.40490956900004,1,9,9,9,Nord
141240,14231027144200756720,14,7,13,000,2023,10,07,6,3,4,2,1,1,1,1,0,0,0,0,"734230,524199999868870","5693319,660700000822544",12.363328018000061,51.342815493000046,1,0,0,0,Mitte
141259,14231026148120786000,14,7,13,000,2023,10,19,5,3,3,6,2,0,0,1,0,0,0,0,"736596,093000000342727","5695261,029999999329448",12.398521955000035,51.35926208500007,1,1,1,1,Nordost
141260,14231026144200770390,14,7,13,000,2023,10,06,5,1,4,2,2,1,0,1,0,1,0,0,"728891,995099999941885","5691753,659499999135733",12.285802501000035,51.33093148700004,1,6,6,6,West
141281,14231025144310000460,14,7,13,000,2023,10,17,4,3,0,2,2,1,1,1,0,0,0,0,"739490,977900000289083","5694456,349700000137091",12.439483249000034,51.35082685400005,1,2,2,2,Ost
141282,14231025144200850840,14,7,13,000,2023,10,18,4,3,2,6,2,1,0,1,0,0,0,0,"735907,167600000277162","5693739,741399999707937",12.387636318000034,51.34589308100004,1,0,0,0,Mitte
141331,14231023144310756430,14,7,13,000,2023,10,07,2,3,2,6,1,0,0,1,0,0,0,0,"744578,434200000017881","5692823,380999999120831",12.511280184000043,51.334004761000074,1,2,2,2,Ost
141367,14231021148410749580,14,7,13,000,2023,10,23,7,3,6,4,2,1,0,1,1,0,0,0,"737195,464700000360608","5691061,482699999585748",12.404318372000034,51.32131675800008,1,3,3,3,Südost
141368,14231021148210756740,14,7,13,000,2023,10,10,7,3,2,6,0,0,0,1,0,0,0,0,"739846,443400000222027","5688141,823899999260902",12.440330528000061,51.29399931100005,1,3,3,3,Südost
141369,14231021148210731450,14,7,13,000,2023,10,21,7,3,5,2,2,0,0,1,0,0,0,0,"736525,037600000388920","5690286,308199999853969",12.394200172000069,51.314637694000055,1,0,0,0,Mitte
141370,14231021148110786290,14,7,13,000,2023,10,14,7,3,5,3,0,0,0,1,0,0,0,0,"740891,563199999742210","5696365,069199999794364",12.460851018000028,51.36736682900005,1,2,2,2,Ost
141371,14231021144310731141,14,7,13,000,2023,10,21,7,3,3,6,2,0,0,1,0,0,0,0,"741027,845700000412762","5696942,225099999457598",12.463196369000059,51.37248928400004,1,1,1,1,Nordost
141384,14231101148210786020,14,7,13,000,2023,11,12,4,3,6,4,0,0,1,0,1,0,0,0,"734365,112300000153482","5693385,200799999758601",12.365300132000073,51.34334835100003,1,0,0,0,Mitte
141451,14231018148410770790,14,7,13,000,2023,10,19,4,3,3,2,1,0,1,0,0,0,0,1,"734643,043100000359118","5693488,375800000503659",12.369351584000071,51.344159862000026,1,0,0,0,Mitte
141452,14231018148110756190,14,7,13,000,2023,10,16,4,3,5,3,0,0,1,1,0,0,0,0,"732219,730999999679625","5699216,422599999234080",12.338359049000076,51.39657359700004,1,8,8,8,Nordwest
141454,14231018144200729830,14,7,13,000,2023,10,14,4,2,3,6,0,0,1,0,0,0,0,1,"745213,533099999651313","5690596,043099999427795",12.51884751600005,51.313740909000046,1,2,2,2,Ost
141467,14231017148410731490,14,7,13,000,2023,10,08,3,3,2,6,0,0,0,1,0,0,0,0,"736226,404099999926984","5694380,562100000679493",12.392637179000076,51.35151265400003,1,0,0,0,Mitte
141468,14231022144310731430,14,7,13,000,2023,10,10,1,3,3,6,0,0,0,1,0,0,0,0,"728024,876699999906123","5684252,098899999633431",12.26858554200004,51.26393543100005,1,5,5,5,Südwest
141469,14231017144200729810,14,7,13,000,2023,10,18,3,2,5,2,1,0,1,1,0,0,0,0,"740917,896700000390410","5696365,794700000435114",12.461229097000057,51.36736217400005,1,2,2,2,Ost
141473,14231213144200893090,14,7,13,000,2023,12,15,4,3,1,6,0,1,0,1,0,0,0,1,"736349,327700000256300","5701835,658500000834465",12.399359187000073,51.418379178000066,1,9,9,9,Nord
141493,14231016148310717350,14,7,13,000,2023,10,16,2,3,5,3,0,1,0,1,0,1,0,0,"731366,693300000391901","5688460,654100000858307",12.319127562000062,51.30036931200004,1,5,5,5,Südwest
141496,14231016144200729820,14,7,13,000,2023,10,18,2,3,6,4,2,0,0,1,1,0,0,0,"730948,128999999724329","5696831,341000000014901",12.318561024000076,51.37568211300004,1,8,8,8,Nordwest
141508,14231015144310729490,14,7,13,000,2023,10,19,1,3,2,7,2,0,0,1,0,0,1,0,"736808,326399999670684","5700020,063100000843406",12.404736319000051,51.40189094900006,1,9,9,9,Nord
141520,14231014144310716980,14,7,13,000,2023,10,13,7,3,8,1,0,0,0,1,0,0,0,0,"731778,497399999760091","5701191,348600000143051",12.333317548000025,51.414482201000055,1,8,8,8,Nordwest
141522,14231014144200716970,14,7,13,000,2023,10,22,7,2,5,3,2,0,1,1,0,0,0,0,"736712,428000000305474","5694487,301799999549985",12.399675167000055,51.352268569000046,1,1,1,1,Nordost
141535,14231013144300731020,14,7,13,000,2023,10,22,6,3,5,3,2,0,0,1,0,0,0,0,"734758,440899999812245","5693486,727900000289083",12.371004471000049,51.34409743400005,1,0,0,0,Mitte
141558,14231012148310756220,14,7,13,000,2023,10,08,5,3,4,3,1,1,1,1,0,0,0,0,"728400,383100000210106","5690409,986700000241399",12.277896756000075,51.31906659100008,1,6,6,6,West
141562,14231012144200826490,14,7,13,000,2023,10,16,5,2,5,3,0,1,1,1,0,0,0,0,"739760,330699999816716","5688229,651399999856949",12.43915669200004,51.29482389100008,1,3,3,3,Südost
141563,14231012144200731830,14,7,13,000,2023,10,19,5,2,5,3,2,1,0,1,0,0,0,1,"739899,313299999572337","5695632,936899999156594",12.446129455000062,51.36121533700003,1,2,2,2,Ost
141573,14231011148410806760,14,7,13,000,2023,10,21,4,3,6,4,2,0,0,1,1,0,0,0,"735336,540799999609590","5693518,867399999871850",12.379311432000065,51.34414693900004,1,0,0,0,Mitte
141575,14231011144310708690,14,7,13,000,2023,10,10,4,3,2,6,0,0,0,1,0,0,0,1,"733696,274600000120699","5700904,668299999088049",12.360658358000023,51.41112185600008,1,8,8,8,Nordwest
141576,14231011144200749520,14,7,13,000,2023,10,12,4,2,5,3,0,0,0,1,0,1,0,0,"739756,569400000385940","5688233,536100000143051",12.439105452000035,51.29486034200005,1,3,3,3,Südost
141579,14231011144200716470,14,7,13,000,2023,10,12,4,3,3,2,0,0,1,1,0,0,0,0,"733844,732300000265241","5693190,668800000101328",12.357713931000035,51.341816392000055,1,0,0,0,Mitte
141602,14231216144200918040,14,7,13,000,2023,12,21,7,2,4,1,2,0,0,1,0,0,0,0,"727061,235100000165403","5690015,121600000187755",12.258459967000022,51.316057630000046,1,6,6,6,West
141610,14231010148410697020,14,7,13,000,2023,10,12,3,3,5,3,0,0,1,1,0,0,0,0,"732965,168499999679625","5692858,303700000047684",12.344890256000042,51.33919392300004,1,7,7,7,Alt-West
141611,14231010148210708750,14,7,13,000,2023,10,08,3,3,2,6,0,0,0,1,0,1,0,0,"735652,802099999971688","5690283,244899999350309",12.381704769000066,51.314972004000026,1,4,4,4,Süd
141612,14231010148110708360,14,7,13,000,2023,10,06,3,3,3,3,1,1,1,1,0,0,0,0,"736314,842199999839067","5694358,277699999511242",12.393890122000073,51.35127586400006,1,0,0,0,Mitte
141614,14231010144200770200,14,7,13,000,2023,10,10,3,3,3,2,0,0,0,1,0,1,0,0,"727338,134600000455976","5692443,744100000709295",12.263975772000038,51.337749803000065,1,7,7,7,Alt-West
141618,14231227148410955430,14,7,13,000,2023,12,15,4,3,3,2,0,0,1,1,0,0,0,0,"734642,024799999780953","5693488,002299999818206",12.369336743000076,51.344156930000054,1,0,0,0,Mitte
141652,14231216144310906240,14,7,13,000,2023,12,05,7,3,8,1,2,0,0,1,0,0,0,0,"735728,630699999630451","5700473,255799999460578",12.389543184000047,51.40640846300005,1,9,9,9,Nord
141667,14231008148410717380,14,7,13,000,2023,10,17,1,3,1,6,0,0,0,1,0,0,0,0,"736299,582799999974668","5694363,687999999150634",12.393674975000067,51.35133077200004,1,1,1,1,Nordost
141668,14231008148410696310,14,7,13,000,2023,10,05,1,3,5,3,2,1,1,1,0,0,0,0,"733553,484799999743700","5693105,234099999070168",12.353483653000069,51.34116918700005,1,0,0,0,Mitte
141691,14231006148320729890,14,7,13,000,2023,10,17,6,3,1,7,0,0,0,1,0,0,0,0,"729659,198300000280142","5692504,956700000911951",12.297280644000068,51.33736670800005,1,6,6,6,West
141693,14231006144200731840,14,7,13,000,2023,10,11,6,3,8,1,0,0,0,1,0,0,0,0,"739156,501799999736249","5694474,533500000834465",12.434701115000053,51.351130890000036,1,2,2,2,Ost
141709,14231024148110769920,14,7,13,000,2023,10,18,3,3,2,2,2,1,0,1,0,0,0,0,"736041,722699999809265","5693808,071599999442697",12.389610206000043,51.34645057900008,1,0,0,0,Mitte
141734,14231004148210688800,14,7,13,000,2023,10,16,4,3,4,6,0,0,1,0,0,0,0,0,"741841,146099999547005","5694628,779999999329448",12.473286408000035,51.351379491000046,1,2,2,2,Ost
141748,14231003148410716520,14,7,13,000,2023,10,17,3,3,0,7,1,1,0,1,0,1,0,0,"732804,541899999603629","5692783,497600000351667",12.342539316000057,51.338588196000046,1,7,7,7,Alt-West
141751,14231003144320696040,14,7,13,000,2023,10,21,3,3,5,2,2,1,0,1,0,0,0,0,"743387,411999999545515","5695195,439600000157952",12.495836927000028,51.35580542000008,1,2,2,2,Ost
141769,14231004144200730880,14,7,13,000,2023,10,10,4,3,2,6,0,0,0,1,0,0,0,0,"738960,215499999932945","5694843,419500000774860",12.43213521000007,51.35452449100006,1,2,2,2,Ost
141771,14231206144200963180,14,7,13,000,2023,12,15,4,3,2,2,0,1,0,1,0,0,0,0,"739750,663599999621511","5695493,485500000417233",12.443904280000027,51.36002640400005,1,2,2,2,Ost
141775,14231002148110730890,14,7,13,000,2023,10,11,2,3,2,2,0,0,0,1,0,0,0,0,"735868,963000000454485","5699111,848999999463558",12.390652515000056,51.39412998200004,1,9,9,9,Nord
141776,14231002144200681660,14,7,13,000,2023,10,16,2,2,5,2,0,0,1,1,0,0,0,0,"738936,291600000113249","5688195,753399999812245",12.427336608000076,51.294865910000055,1,3,3,3,Südost
141868,14231110144200786800,14,7,13,000,2023,11,14,6,3,2,6,0,0,0,1,0,0,0,1,"743380,940999999642372","5695183,505000000819564",12.495736006000072,51.35570107500007,1,2,2,2,Ost
141889,14231204148110850510,14,7,13,000,2023,12,06,2,3,8,1,2,2,0,0,0,0,0,1,"731912,854700000025332","5699510,954700000584126",12.334147891000043,51.399343000000044,1,8,8,8,Nordwest
141903,14230927144200681390,14,7,13,000,2023,09,07,4,3,5,3,0,0,1,1,0,0,0,0,"734181,355999999679625","5697030,764000000432134",12.365066135000063,51.376148228000034,1,9,9,9,Nord
141904,14230927144200674830,14,7,13,000,2023,09,13,4,3,6,7,0,0,0,1,1,0,0,0,"737733,727800000458956","5690339,728299999609590",12.411547900000073,51.31461362600004,1,3,3,3,Südost
141931,14230926144200708350,14,7,13,000,2023,09,08,3,3,3,3,0,0,0,1,0,0,1,0,"735530,555100000463426","5687627,917199999094009",12.378201524000076,51.291187370000046,1,4,4,4,Süd
141932,14230926144200680530,14,7,13,000,2023,09,16,3,3,2,6,0,0,0,0,0,0,0,1,"730306,460099999792874","5688545,564099999144673",12.303999712000063,51.30156135200008,1,5,5,5,Südwest
141952,14230925144200708340,14,7,13,000,2023,09,06,2,3,5,3,2,0,1,1,0,0,0,0,"734338,778599999845028","5690143,156400000676513",12.36279096800007,51.31425704800006,1,4,4,4,Süd
141974,14231130148110849400,14,7,13,000,2023,11,18,5,3,9,1,2,1,0,1,0,0,0,0,"731948,590900000184774","5698902,031199999153614",12.334262874000046,51.39386230100007,1,8,8,8,Nordwest
141977,14231130148210872820,14,7,13,000,2023,11,23,5,3,4,1,2,2,0,1,0,0,0,0,"740969,170300000347197","5685474,542300000786781",12.454604927000048,51.26958472300004,1,3,3,3,Südost
142007,14231120144310817910,14,7,30,270,2023,11,10,2,2,9,1,0,1,0,1,0,0,0,0,"730025,831600000150502","5701205,536900000646710",12.308166141000072,51.415323157000046,1,8,8,8,Nordwest
142030,14230922148410717400,14,7,13,000,2023,09,21,6,3,0,2,2,0,0,0,1,1,0,0,"735499,503600000403821","5693438,692099999636412",12.381594095000025,51.343359786000065,1,0,0,0,Mitte
142031,14230922148110681160,14,7,13,000,2023,09,17,6,3,5,3,0,0,0,1,0,0,0,0,"736536,244599999859929","5694608,962799999862909",12.397230447000027,51.353433960000075,1,1,1,1,Nordost
142060,14230921144310654000,14,7,13,000,2023,09,14,5,3,2,6,0,0,0,1,0,0,0,0,"743586,108900000341237","5686512,897900000214577",12.492755173000035,51.277792205000026,1,3,3,3,Südost
142061,14230921144200654530,14,7,13,000,2023,09,18,5,3,2,6,0,0,0,1,0,0,0,0,"741843,430499999783933","5694629,270199999213219",12.473319485000047,51.35138291900006,1,2,2,2,Ost