OID_,UIDENTSTLAE,ULAND,UREGBEZ,UKREIS,UGEMEINDE,UJAHR,UMONAT,USTUNDE,UWOCHENTAG,UKATEGORIE,UART,UTYP1,ULICHTVERH,IstStrassenzustand,IstRad,IstPKW,IstFuss,IstKrad,IstGkfz,IstSonstige,LINREFX,LINREFY,XGCSWGS84,YGCSWGS84,PLST,index_right,FID,SBZ,Name
252308,14230106148310983040,14,7,13,000,2023,01,11,6,3,2,6,0,1,0,1,0,1,0,0,"731172,710300000384450","5691927,045499999076128",12.318596563000028,51.331565640000065,1,7,7,7,Alt-West
252309,14230106148110983380,14,7,13,000,2023,01,11,6,3,6,4,0,0,0,1,1,0,0,0,"731860,515200000256300","5696452,268400000408292",12.331400356000074,51.371907528000065,1,8,8,8,Nordwest
252310,14230106148110983030,14,7,13,000,2023,01,17,6,3,5,3,2,1,0,1,0,0,0,0,"735582,377399999648333","5695441,082100000232458",12.384107270000072,51.36129943900005,1,9,9,9,Nord
252311,14230106144200223360,14,7,13,000,2023,01,09,6,3,6,4,0,1,1,0,1,0,0,0,"735060,214499999769032","5693181,118499999865890",12.375127985000063,51.34122949300007,1,0,0,0,Mitte
252313,14230106144200009110,14,7,13,000,2023,01,07,6,2,6,4,2,1,0,0,1,0,0,1,"734779,392699999734759","5692850,080499999225140",12.370885069000053,51.338373983000054,1,0,0,0,Mitte
252320,14230124148410027740,14,7,13,000,2023,01,21,3,3,5,3,2,1,1,1,0,0,0,0,"736648,237900000065565","5692726,462899999693036",12.39758476000003,51.336489759000074,1,3,3,3,Südost
252330,14230105148310007880,14,7,13,000,2023,01,07,5,3,3,5,1,0,1,1,0,0,0,0,"732455,286500000394881","5692065,366000000387430",12.337065371000051,51.33228460500004,1,7,7,7,Alt-West
252342,14230104148310982730,14,7,13,000,2023,01,19,4,3,6,4,2,0,0,1,1,0,0,0,"732304,986700000241399","5690615,407700000330806",12.333966673000077,51.31933008500005,1,5,5,5,Südwest
252343,14230104148310982720,14,7,13,000,2023,01,05,4,3,0,7,2,0,0,0,0,0,0,1,"729138,610600000247359","5690930,914999999105930",12.288807537000025,51.32344628100003,1,6,6,6,West
252344,14230104148110969170,14,7,13,000,2023,01,15,4,2,6,4,0,1,0,1,1,0,0,0,"737790,923200000077486","5700936,256999999284744",12.419450738000023,51.409703628000045,1,9,9,9,Nord
252351,14230103148415984411,14,7,13,000,2023,01,16,3,3,5,2,2,0,1,1,0,0,0,0,"737334,350800000131130","5693071,430900000035763",12.407646525000075,51.33930030500005,1,2,2,2,Ost
252352,14230103148410984400,14,7,13,000,2023,01,15,3,3,6,2,0,0,0,1,1,0,0,0,"736733,960099999792874","5688791,972400000318885",12.396201208000036,51.30113736100003,1,4,4,4,Süd
252354,14230103148410983400,14,7,13,000,2023,01,13,3,3,5,3,0,0,1,1,0,0,0,0,"735114,753600000403821","5688745,087200000882149",12.372984429000041,51.301387367000075,1,4,4,4,Süd
252355,14230103148410007310,14,7,13,000,2023,01,07,3,3,5,3,0,0,1,1,0,0,0,0,"734991,257699999958277","5693930,576300000771880",12.374634317000073,51.34798539900004,1,0,0,0,Mitte
252356,14230103148310968800,14,7,13,000,2023,01,18,3,3,1,5,2,0,1,1,0,0,0,0,"732095,680700000375509","5692157,424499999731779",12.331972311000072,51.33325784300007,1,7,7,7,Alt-West
252357,14230116148110008260,14,7,13,000,2023,01,12,2,3,9,1,0,0,1,0,0,0,0,0,"737850,362700000405312","5695065,400200000032783",12.416373500000077,51.356982525000035,1,1,1,1,Nordost
252358,14230103148110969200,14,7,13,000,2023,01,08,3,3,6,4,0,1,0,1,1,0,0,0,"733711,309500000439584","5695691,324699999764562",12.357443820000071,51.36431841700005,1,9,9,9,Nord
252359,14230103144200983020,14,7,13,000,2023,01,18,3,2,5,1,2,0,1,1,0,0,0,0,"736372,609199999831617","5688229,541099999099970",12.390654618000042,51.29623893200005,1,4,4,4,Süd
252374,14230102148110968790,14,7,13,000,2023,01,23,2,3,5,3,2,1,0,1,0,0,0,1,"736665,239000000059605","5695556,321000000461936",12.399709753000025,51.36188385400004,1,9,9,9,Nord
252375,14230123144200223170,14,7,13,000,2023,01,11,2,3,7,7,0,0,1,0,0,0,0,0,"734711,562300000339746","5693019,358500000089407",12.370024540000031,51.33992149100004,1,0,0,0,Mitte
252376,14230102148110968340,14,7,13,000,2023,01,11,2,3,5,2,0,0,0,1,0,0,0,0,"738813,394100000150502","5696081,068900000303984",12.430861312000047,51.36569511400006,1,1,1,1,Nordost
252379,14230101144200968050,14,7,13,000,2023,01,13,1,3,5,3,0,0,1,1,0,0,0,0,"732569,017400000244379","5691513,288300000131130",12.338334799000052,51.32728227000007,1,5,5,5,Südwest
252438,14230210148410085500,14,7,13,000,2023,02,08,6,3,3,2,0,1,1,1,0,0,0,0,"735613,097500000149012","5692322,579299999400973",12.382483900000068,51.333294170000045,1,0,0,0,Mitte
252440,14230216148410085850,14,7,13,000,2023,02,13,5,3,9,1,0,0,0,1,0,0,0,0,"733182,033300000242889","5693939,637499999254942",12.348706390000075,51.34881174100008,1,0,0,0,Mitte
252513,14230108148410009190,14,7,13,000,2023,01,15,1,3,6,7,0,0,0,1,1,0,0,0,"734833,699599999934435","5692972,305600000545382",12.371743923000054,51.33944870000005,1,0,0,0,Mitte
252525,14230209148310112040,14,7,13,000,2023,02,17,5,3,5,2,2,0,0,1,0,0,0,0,"730727,918800000101328","5693725,463999999687076",12.313387871000032,51.34789052000008,1,7,7,7,Alt-West
252537,14230126148410041580,14,7,13,000,2023,01,08,5,3,3,2,0,0,1,1,0,0,0,0,"736222,226800000295043","5692527,810100000351667",12.391348265000033,51.334883715000046,1,0,0,0,Mitte
252573,14230125148210096610,14,7,13,000,2023,01,18,4,3,3,5,2,0,1,1,0,0,0,0,"734625,237999999895692","5691953,090299999341369",12.36808516900004,51.33038583200005,1,0,0,0,Mitte
252604,14230301148210154430,14,7,13,000,2023,03,16,4,3,3,2,0,0,1,1,0,0,0,0,"735128,101400000043213","5689324,104699999094009",12.373557018000042,51.30657936800003,1,4,4,4,Süd
252662,14230309148310223200,14,7,13,000,2023,03,15,5,3,6,4,0,0,0,0,1,0,0,1,"731182,272900000214577","5691932,870600000023842",12.318737371000054,51.33161404500004,1,7,7,7,Alt-West
252712,14230601148410387330,14,7,13,000,2023,06,18,5,3,5,2,0,0,1,1,0,0,0,0,"734581,840400000102818","5691400,865399999544024",12.367099884000027,51.32544671000005,1,0,0,0,Mitte
252713,14230601148310388160,14,7,13,000,2023,06,13,5,3,5,3,0,0,1,1,0,0,0,0,"732572,108000000007451","5691377,251499999314547",12.338290318000077,51.32605984300005,1,5,5,5,Südwest
252714,14230601148210367430,14,7,13,000,2023,06,14,5,3,3,2,0,0,1,1,0,0,0,0,"738056,568799999542534","5691063,177999999374151",12.416654849000054,51.32097238100005,1,3,3,3,Südost
252715,14230601144200453780,14,7,13,000,2023,06,06,5,3,1,7,0,0,1,1,0,0,0,0,"736946,613499999977648","5696067,618799999356270",12.40408468000004,51.36635602700005,1,1,1,1,Nordost
252716,14230601144200367410,14,7,13,000,2023,06,12,5,3,5,3,0,0,1,0,0,0,0,1,"732490,953700000420213","5691256,577099999412894",12.337048861000028,51.32500975000005,1,5,5,5,Südwest
252717,14230601144100368930,14,7,13,000,2023,06,07,5,3,6,4,0,0,0,0,1,0,0,1,"731314,723299999721348","5693242,638100000098348",12.321485862000031,51.34331779900003,1,7,7,7,Alt-West
252718,14230601144100367380,14,7,13,000,2023,06,10,5,3,1,5,0,0,1,1,0,0,0,0,"732033,755699999630451","5692388,410900000482798",12.33123536200003,51.33535662200006,1,7,7,7,Alt-West
252741,14230531148310368480,14,7,13,000,2023,05,07,4,3,6,4,0,0,0,1,1,0,0,0,"730367,698499999940395","5690245,829399999231100",12.305974479000042,51.316799942000046,1,6,6,6,West
252742,14230531148310367760,14,7,13,000,2023,05,18,4,3,5,2,0,0,0,1,0,1,0,0,"727482,455699999816716","5689017,567900000140071",12.263858097000025,51.30693396400005,1,6,6,6,West
252744,14230531148310352970,14,7,13,000,2023,05,16,4,3,1,5,0,0,1,1,0,0,0,0,"733290,687599999830127","5691725,339500000700355",12.348813611000026,51.328890295000065,1,5,5,5,Südwest
252745,14230531148110387240,14,7,13,000,2023,05,13,4,3,5,3,0,0,1,1,0,0,0,0,"733988,016599999740720","5695452,909499999135733",12.361254750000057,51.362064402000044,1,9,9,9,Nord
252746,14230531148110352930,14,7,13,000,2023,05,18,4,3,5,3,0,0,0,1,0,0,0,0,"732731,406499999575317","5699876,441600000485778",12.346134127000028,51.40228867700006,1,8,8,8,Nordwest
252747,14230531144200453670,14,7,13,000,2023,05,17,4,3,3,6,0,0,0,1,0,0,0,0,"735140,665900000371039","5693709,130000000819564",12.376629663000074,51.34593584300006,1,0,0,0,Mitte
252748,14230531144200352890,14,7,13,000,2023,05,13,4,3,2,6,0,0,0,1,0,0,0,0,"740841,155000000260770","5694761,318700000643730",12.459042529000044,51.35299367500005,1,2,2,2,Ost
252749,14230531143263367370,14,7,13,000,2023,05,14,4,3,0,7,0,0,0,0,0,0,0,1,"735540,078200000338256","5692872,678999999538064",12.381801293000024,51.33826227700007,1,0,0,0,Mitte
252761,14230530149113480750,14,7,13,000,2023,05,09,3,2,6,6,0,0,1,0,1,0,0,0,"735061,133799999952316","5693096,428600000217557",12.375085264000063,51.34046890600007,1,0,0,0,Mitte
252762,14230530148410399160,14,7,13,000,2023,05,12,3,3,6,4,0,0,1,0,1,0,0,0,"737147,026100000366569","5692934,879599999636412",12.40487110500004,51.33815275900008,1,2,2,2,Ost
252763,14230530148210352940,14,7,13,000,2023,05,14,3,3,5,2,0,0,1,1,0,0,0,0,"736378,718200000002980","5687631,912399999797344",12.390346511000075,51.29087190800004,1,4,4,4,Süd
252764,14230530148210345960,14,7,13,000,2023,05,22,3,3,0,1,2,0,1,0,0,0,0,0,"734997,658200000412762","5692282,178799999877810",12.373638414000027,51.33318612800008,1,0,0,0,Mitte
252765,14230530148110367990,14,7,13,000,2023,05,14,3,3,6,6,0,0,1,0,1,0,0,0,"735021,711000000126660","5696307,914100000634789",12.376641239000037,51.369312570000034,1,9,9,9,Nord
252766,14230530144200376040,14,7,13,000,2023,05,16,3,3,5,3,0,0,1,1,0,0,0,0,"738243,730399999767542","5696120,501599999144673",12.422719478000033,51.36628822900008,1,1,1,1,Nordost
252767,14230530144200345950,14,7,13,000,2023,05,07,3,2,5,3,0,0,1,1,0,0,0,0,"733063,315899999812245","5691844,413899999111891",12.34563361000005,51.330052383000066,1,5,5,5,Südwest
252783,14230529148410388200,14,7,13,000,2023,05,17,2,3,4,6,0,0,1,0,0,0,0,0,"733491,929899999871850","5692243,358899999409914",12.352036504000068,51.33345777800008,1,0,0,0,Mitte
252784,14230529148410367450,14,7,13,000,2023,05,19,2,3,5,2,0,0,1,0,0,0,0,0,"734355,565299999900162","5693166,921900000423193",12.365019652000058,51.341392916000075,1,0,0,0,Mitte
252785,14230529148310368990,14,7,13,000,2023,05,14,2,3,5,3,0,0,0,1,0,1,0,0,"730514,413999999873340","5690715,924000000581145",12.30838009300004,51.32096057700005,1,5,5,5,Südwest
252786,14230529148210345670,14,7,13,000,2023,05,05,2,3,5,2,0,0,1,1,0,0,0,0,"736692,711400000378489","5689808,071299999952316",12.396284490000028,51.31027523700004,1,4,4,4,Süd
252787,14230529148110420351,14,7,13,000,2023,05,18,2,3,2,2,0,0,0,1,0,0,0,0,"731550,116100000217557","5698707,007400000467896",12.328418009000075,51.39227434000003,1,8,8,8,Nordwest
252796,14230528148310452050,14,7,13,000,2023,05,14,1,3,5,2,0,0,1,1,0,0,0,0,"733900,134999999776483","5692628,174000000581145",12.358138591000056,51.33674436000007,1,0,0,0,Mitte
252806,14230527148310345100,14,7,13,000,2023,05,13,7,3,9,1,0,0,0,1,0,0,0,0,"730511,317599999718368","5690722,692299999296665",12.308340108000039,51.32102259000004,1,7,7,7,Alt-West
252807,14230527148110345330,14,7,13,000,2023,05,09,7,3,0,1,0,0,1,0,0,0,1,0,"732855,810399999842048","5695960,389100000262260",12.345352623000053,51.36708497200004,1,8,8,8,Nordwest
252808,14230527144200352900,14,7,13,000,2023,05,16,7,3,1,5,0,0,0,1,0,0,0,1,"736424,466300000436604","5693510,056800000369549",12.394898256000033,51.34361650800008,1,2,2,2,Ost
252819,14230526148410344800,14,7,13,000,2023,05,21,6,3,3,6,2,0,1,0,0,0,0,0,"734054,256299999542534","5692306,619899999350309",12.360135996000054,51.33379451900004,1,0,0,0,Mitte
252820,14230526148410344470,14,7,13,000,2023,05,00,6,3,0,1,2,0,1,0,0,0,0,0,"733520,774500000290573","5693176,076099999248981",12.353061297000067,51.34181853900003,1,0,0,0,Mitte
252822,14230526148110344770,14,7,13,000,2023,05,16,6,3,5,3,0,0,1,1,0,0,0,0,"734286,686900000087917","5698407,325099999085069",12.36748459200004,51.388461308000046,1,9,9,9,Nord
252823,14230526144200344730,14,7,13,000,2023,05,17,6,3,5,2,0,0,1,1,0,0,0,0,"742158,373300000093877","5693061,710999999195337",12.476767687000063,51.33717937200004,1,2,2,2,Ost
252845,14230525148410387310,14,7,13,000,2023,05,09,5,3,1,3,0,0,1,0,0,0,0,1,"735111,173799999989569","5694928,190700000151992",12.377012196000067,51.35689073200007,1,0,0,0,Mitte
252846,14230525148410345360,14,7,13,000,2023,05,15,5,3,2,2,0,0,0,1,0,0,0,0,"736311,299499999731779","5694359,771600000560284",12.393840331000035,51.351290747000064,1,0,0,0,Mitte
252847,14230525148310459010,14,7,13,000,2023,05,16,5,3,1,5,0,0,1,1,0,0,0,0,"731905,678899999707937","5693167,372899999842048",12.329907107000054,51.34240143300008,1,7,7,7,Alt-West
252848,14230525148110344441,14,7,13,000,2023,05,06,5,3,5,3,0,0,1,1,0,0,0,0,"737264,973799999803305","5694405,196699999272823",12.407541072000072,51.351301213000056,1,1,1,1,Nordost
252849,14230525144320457700,14,7,13,000,2023,05,07,5,2,5,3,0,0,1,0,1,0,0,0,"735080,652999999932945","5694967,901100000366569",12.376600865000057,51.35725981100006,1,0,0,0,Mitte
252850,14230525144200344400,14,7,13,000,2023,05,14,5,3,5,3,0,0,0,1,0,0,0,1,"739101,797899999655783","5693230,901699999347329",12.433081856000058,51.339991302000044,1,2,2,2,Ost
252865,14230524148410367460,14,7,13,000,2023,05,14,4,3,6,4,0,0,0,1,1,0,0,0,"734952,222900000400841","5692759,118300000205636",12.373301895000054,51.33748609200006,1,0,0,0,Mitte
252877,14230523148210333280,14,7,13,000,2023,05,12,3,3,5,3,0,0,1,0,0,0,1,0,"736558,635300000198185","5690183,207699999213219",12.394613024000023,51.31369827800006,1,0,0,0,Mitte
252878,14230523144200390740,14,7,13,000,2023,05,06,3,3,5,2,0,0,0,1,0,0,0,0,"735997,939699999988079","5699791,233500000089407",12.392954730000042,51.400174597000046,1,9,9,9,Nord
252879,14230523144200345080,14,7,13,000,2023,05,18,3,2,6,4,1,0,1,0,1,0,0,0,"735939,166500000283122","5690932,506799999624491",12.38623605500004,51.32068133200005,1,0,0,0,Mitte
252888,14230522148410325120,14,7,13,000,2023,05,15,2,3,5,2,0,0,1,1,0,0,0,0,"735759,439199999906123","5692867,947599999606609",12.384941771000058,51.338128908000044,1,0,0,0,Mitte
252889,14230522148310352980,14,7,13,000,2023,05,11,2,2,3,2,0,0,1,0,0,0,0,0,"730179,073599999770522","5689970,610400000587106",12.303094760000022,51.314405607000026,1,5,5,5,Südwest
252890,14230522148210344450,14,7,13,000,2023,05,01,2,3,6,7,2,0,0,0,1,0,0,1,"735075,008100000210106","5689848,999500000849366",12.373142488000042,51.31131297400003,1,4,4,4,Süd
252891,14230522144200527890,14,7,13,000,2023,05,15,2,3,2,2,0,0,0,1,0,0,1,0,"731772,258000000379980","5692341,626000000163913",12.327457486000071,51.33504327000003,1,7,7,7,Alt-West
252892,14230522144200333230,14,7,13,000,2023,05,15,2,3,5,3,0,0,1,1,0,0,0,0,"741305,980200000107288","5693988,165699999779463",12.465181318000077,51.34585709400005,1,2,2,2,Ost
252893,14230522144200333210,14,7,13,000,2023,05,13,2,3,3,6,0,0,0,1,0,0,0,0,"736441,088299999944866","5687472,955199999734759",12.391134174000058,51.28941917700007,1,4,4,4,Süd
252904,14230521148410344480,14,7,13,000,2023,05,18,1,3,3,6,0,0,0,1,0,0,0,0,"734529,068099999800324","5691316,194499999284744",12.36628810700006,51.32470842100008,1,4,4,4,Süd
252915,14230520148310451680,14,7,13,000,2023,05,21,7,3,1,7,2,0,0,1,0,0,0,1,"729307,266599999740720","5694907,796399999409914",12.29378459700007,51.35907925500004,1,7,7,7,Alt-West
252923,14230519144200333190,14,7,13,000,2023,05,11,6,2,5,3,0,0,0,1,0,0,0,1,"734391,429899999871850","5696044,646500000730157",12.36742904600004,51.367209797000044,1,9,9,9,Nord
252932,14230518662221324080,14,7,13,000,2023,05,03,5,3,0,1,1,0,1,0,0,0,0,0,"735056,494099999777973","5692401,343699999153614",12.374560108000026,51.33423148500003,1,0,0,0,Mitte
252938,14230518148210325080,14,7,13,000,2023,05,16,5,2,0,1,0,0,1,0,0,0,0,0,"731557,654299999587238","5692168,015300000086427",12.32426924400005,51.33357221000006,1,7,7,7,Alt-West
252939,14230518144200333250,14,7,13,000,2023,05,09,5,3,5,3,0,0,1,1,0,0,0,0,"741231,150799999944866","5692652,312699999660254",12.463204122000036,51.333898857000065,1,2,2,2,Ost
252940,14230518144200325020,14,7,13,000,2023,05,15,5,2,5,3,0,0,0,1,0,0,0,0,"738701,371700000017881","5691062,642799999564886",12.42589115000004,51.320697460000076,1,3,3,3,Südost
252953,14230522144200344750,14,7,13,000,2023,05,11,2,3,5,2,0,0,1,1,0,0,0,0,"735097,911000000312924","5693971,937999999150634",12.376190391000023,51.34831257900004,1,0,0,0,Mitte
252957,14230517148410369000,14,7,13,000,2023,05,06,4,3,5,2,0,0,0,0,0,0,0,1,"736366,450100000016391","5693790,328400000929832",12.394252803000029,51.34615639700007,1,0,0,0,Mitte
252958,14230517148410344460,14,7,13,000,2023,05,13,4,3,6,4,0,0,1,0,1,0,0,0,"734872,825299999676645","5694419,312000000849366",12.373259197000039,51.35242141300006,1,0,0,0,Mitte
252959,14230517148410333681,14,7,13,000,2023,05,06,4,3,3,2,0,0,1,1,0,0,0,0,"735775,809100000187755","5693092,480900000780821",12.38532499300004,51.340137593000065,1,0,0,0,Mitte
252962,14230517144200400160,14,7,13,000,2023,05,15,4,3,6,7,0,0,0,1,1,0,0,0,"736254,001199999824166","5692955,157700000330806",12.392086996000046,51.33870648000004,1,0,0,0,Mitte
252975,14230516148410313580,14,7,13,000,2023,05,20,3,3,2,2,1,0,1,1,0,0,0,0,"734770,020299999974668","5693731,736300000920892",12.37133198400005,51.34629194400003,1,0,0,0,Mitte
252977,14230516144200344740,14,7,13,000,2023,05,15,3,3,5,3,0,0,1,1,0,0,0,0,"730735,065499999560416","5693716,448200000450015",12.313484474000063,51.34780668500008,1,7,7,7,Alt-West
252978,14230516144200324300,14,7,13,000,2023,05,10,3,2,6,4,0,0,0,1,1,0,0,0,"735937,076000000350177","5691652,763299999758601",12.386682790000066,51.32714742400003,1,0,0,0,Mitte
252979,14230516144200323600,14,7,13,000,2023,05,18,3,2,6,2,0,0,0,1,1,0,0,0,"734771,392699999734759","5693723,697000000625849",12.371346354000025,51.34621921300004,1,0,0,0,Mitte
252997,14230515148121367420,14,7,13,000,2023,05,14,2,3,6,7,0,0,0,1,1,0,0,0,"738719,097199999727309","5694942,101099999621511",12.428744938000023,51.355511566000075,1,1,1,1,Nordost
252998,14230515144200313500,14,7,13,000,2023,05,15,2,3,5,2,0,0,1,0,0,0,0,0,"735122,912999999709427","5691399,953999999910593",12.374851191000062,51.32521518000004,1,4,4,4,Süd
252999,14230515144200313490,14,7,13,000,2023,05,15,2,3,3,6,0,0,1,1,0,0,0,0,"731661,406999999657273","5689019,455800000578165",12.323710512000048,51.30526579500008,1,5,5,5,Südwest
253000,14230515144200312970,14,7,13,000,2023,05,03,2,3,9,1,2,0,0,1,0,0,0,0,"738637,039599999785423","5691058,432700000703335",12.424966796000035,51.32068665300005,1,3,3,3,Südost
253016,14230514148410312540,14,7,13,000,2023,05,14,1,3,5,2,0,0,1,1,0,0,0,0,"732608,352400000207126","5692304,658399999141693",12.339414959000067,51.334370086000035,1,7,7,7,Alt-West
253027,14230513148210312150,14,7,13,000,2023,05,17,7,3,6,4,0,0,0,1,1,0,0,0,"738579,712799999862909","5696775,282800000160933",12.427976424000065,51.37202443700005,1,1,1,1,Nordost
253028,14230513148110323640,14,7,13,000,2023,05,00,7,3,7,7,2,0,0,0,0,1,0,0,"736861,632299999706447","5695797,303500000387430",12.402686086000074,51.36396509600007,1,1,1,1,Nordost
253029,14230513148110313520,14,7,13,000,2023,05,19,7,3,1,5,0,0,1,1,0,0,0,0,"735056,352400000207126","5690973,625299999490380",12.373616495000022,51.321415786000046,1,4,4,4,Süd
253040,14230512148410313590,14,7,13,000,2023,05,16,6,3,5,3,0,0,0,1,0,0,0,0,"731813,765399999916553","5689252,019300000742078",12.326043563000042,51.30729147200003,1,5,5,5,Südwest
253041,14230512143263324990,14,7,13,000,2023,05,23,6,3,1,7,2,0,1,1,0,0,0,0,"734779,605600000359118","5693008,198100000619888",12.370992344000058,51.339793222000026,1,0,0,0,Mitte
253053,14230511148410313600,14,7,13,000,2023,05,13,5,3,8,1,0,0,0,1,0,0,0,0,"737164,265200000256300","5692931,417600000277162",12.405115843000033,51.33811449500007,1,2,2,2,Ost
253054,14230511148210344780,14,7,13,000,2023,05,07,5,3,5,3,1,1,0,1,0,0,0,1,"739101,697399999946356","5693230,282400000840425",12.433080000000075,51.33998578500007,1,2,2,2,Ost
253055,14230511144200298130,14,7,13,000,2023,05,12,5,3,3,6,0,0,1,1,0,0,0,0,"731576,290599999949336","5693442,290100000798702",12.325364806000039,51.345003563000034,1,7,7,7,Alt-West
253071,14230510148410324530,14,7,13,000,2023,05,07,4,3,5,2,0,0,1,1,0,0,0,0,"736652,004099999554455","5692729,069199999794364",12.397640461000037,51.33651158600003,1,3,3,3,Südost
253072,14230510148410313010,14,7,13,000,2023,05,08,4,3,0,7,0,0,1,0,0,0,0,0,"734765,634499999694526","5693728,746799999848008",12.371267149000062,51.34626692000006,1,0,0,0,Mitte
253073,14230510148310298170,14,7,13,000,2023,05,11,4,3,6,6,0,1,0,1,1,0,0,0,"730812,683600000105798","5688274,069499999284744",12.311073502000056,51.298919169000044,1,5,5,5,Südwest
253074,14230510148210324730,14,7,13,000,2023,05,11,4,3,5,3,0,0,1,1,0,0,0,0,"734463,051099999807775","5691193,521500000730157",12.36526161200004,51.32363445900006,1,4,4,4,Süd
253075,14230510148110312490,14,7,13,000,2023,05,19,4,3,9,1,1,1,0,0,0,0,0,1,"736042,850200000219047","5697132,315099999308586",12.391832153000053,51.37628913300006,1,9,9,9,Nord
253093,14230509148410297230,14,7,13,000,2023,05,08,3,3,5,2,0,0,1,1,0,0,0,0,"734830,105700000189245","5692905,147199999541044",12.371648141000037,51.338847344000044,1,0,0,0,Mitte
253094,14230509148310297210,14,7,13,000,2023,05,16,3,3,3,6,0,0,1,1,0,0,0,0,"731948,406399999745190","5693129,908199999481440",12.330495112000051,51.34204769200005,1,7,7,7,Alt-West
253095,14230509148110297190,14,7,13,000,2023,05,16,3,2,3,6,0,0,1,0,0,0,0,0,"738534,290900000371039","5694487,914000000804663",12.425791230000073,51.35151243700005,1,1,1,1,Nordost
253096,14230509144200297110,14,7,13,000,2023,05,15,3,3,5,3,0,0,0,1,0,0,0,0,"739735,663800000213087","5691792,240700000897050",12.441197474000035,51.32681136700006,1,2,2,2,Ost
253118,14230508148410323710,14,7,13,000,2023,05,09,2,3,2,6,0,0,0,1,0,0,0,0,"735204,668100000359118","5694042,566600000485778",12.37776731100007,51.34890240400006,1,0,0,0,Mitte
253119,14230508148410312190,14,7,13,000,2023,05,22,2,3,0,1,2,0,1,0,0,0,0,0,"732649,626400000415742","5692653,917600000277162",12.340234511000062,51.337488396000026,1,7,7,7,Alt-West
253120,14230508148110296830,14,7,13,000,2023,05,15,2,3,1,5,0,0,1,1,0,0,0,0,"733546,846599999815226","5695348,410499999299645",12.354860380000048,51.361307872000054,1,9,9,9,Nord
253121,14230508144200400110,14,7,13,000,2023,05,23,2,2,9,1,2,0,0,1,0,0,0,0,"737857,595099999569356","5686805,666899999603629",12.410967519000053,51.28283985200005,1,4,4,4,Süd
253122,14230508144200297150,14,7,13,000,2023,05,07,2,3,5,3,0,0,1,1,0,0,0,0,"734890,009999999776483","5694334,889100000262260",12.373449831000073,51.351656501000036,1,0,0,0,Mitte
253141,14230507148410296390,14,7,13,000,2023,05,00,1,3,0,1,2,0,1,0,0,0,0,0,"731907,142500000074506","5692410,214199999347329",12.329435105000073,51.33560398800006,1,7,7,7,Alt-West
253150,14230506144200352880,14,7,13,000,2023,05,19,7,2,5,3,0,0,1,1,0,0,0,0,"731509,221800000406802","5691446,611600000411272",12.323106536000068,51.327115992000074,1,5,5,5,Südwest
253152,14230506144200297890,14,7,13,000,2023,05,22,7,3,5,3,2,0,0,1,0,0,0,0,"737434,142099999822676","5694583,672800000756979",12.410085068000058,51.35283258100003,1,1,1,1,Nordost
253158,14230505148110386880,14,7,13,000,2023,05,19,6,3,5,3,0,0,0,1,0,0,0,0,"732915,540799999609590","5696241,730299999937415",12.346393461000048,51.36958596800008,1,8,8,8,Nordwest
253159,14230505148110295710,14,7,13,000,2023,05,18,6,3,2,6,0,0,0,1,0,0,0,0,"734346,418600000441074","5695486,303700000047684",12.366415686000039,51.362216457000045,1,9,9,9,Nord
253160,14230505144200376000,14,7,13,000,2023,05,17,6,2,5,2,0,0,0,1,0,0,0,0,"727783,569500000216067","5689139,518799999728799",12.268248709000034,51.30790836500006,1,6,6,6,West
253161,14230517148110323960,14,7,13,000,2023,05,17,4,3,8,1,0,0,1,0,0,0,0,0,"730953,788800000213087","5698527,983200000599027",12.319745143000034,51.390910243000064,1,8,8,8,Nordwest
253162,14230505144200296080,14,7,13,000,2023,05,13,6,3,5,3,0,0,0,1,0,0,0,0,"740446,917799999937415","5691707,319299999624491",12.451329771000076,51.325748985000075,1,2,2,2,Ost
253174,14230504148410296850,14,7,13,000,2023,05,17,5,3,0,1,0,0,1,0,0,0,0,0,"736378,595599999651313","5693550,843299999833107",12.394267899000056,51.34400168700006,1,0,0,0,Mitte
253175,14230504148310312520,14,7,13,000,2023,05,08,5,3,5,2,0,0,1,1,0,0,0,0,"732889,146800000220537","5690894,155400000512600",12.34251712200006,51.321593549000056,1,5,5,5,Südwest
253176,14230504148310312160,14,7,13,000,2023,05,11,5,3,5,3,0,0,0,1,0,0,0,1,"732152,184000000357628","5690951,744000000879169",12.331996668000045,51.32241166300008,1,5,5,5,Südwest
253177,14230504148210295720,14,7,13,000,2023,05,15,5,3,0,1,0,0,0,0,0,1,0,0,"735184,214200000278652","5688971,788300000131130",12.37412843800007,51.30339364900004,1,4,4,4,Süd
253178,14230504144200297120,14,7,13,000,2023,05,07,5,3,5,3,0,0,1,1,0,0,0,0,"735114,611100000329316","5689688,644899999722838",12.373604027000056,51.30985720700005,1,4,4,4,Süd