OID_,UIDENTSTLAE,ULAND,UREGBEZ,UKREIS,UGEMEINDE,UJAHR,UMONAT,USTUNDE,UWOCHENTAG,UKATEGORIE,UART,UTYP1,ULICHTVERH,IstStrassenzustand,IstRad,IstPKW,IstFuss,IstKrad,IstGkfz,IstSonstige,LINREFX,LINREFY,XGCSWGS84,YGCSWGS84,PLST,index_right,FID,SBZ,Name
253179,14230504144200295270,14,7,13,000,2023,05,16,5,3,5,7,0,0,0,1,0,0,0,1,"737283,370199999772012","5692938,518699999898672",12.40682739400006,51.33812855100007,1,2,2,2,Ost
253203,14230503144200410880,14,7,13,000,2023,05,10,4,3,3,5,0,0,1,0,0,0,0,1,"735012,029400000348687","5692370,373099999502301",12.373902516000044,51.33397185600006,1,0,0,0,Mitte
253204,14230503144200297130,14,7,13,000,2023,05,17,4,3,6,2,0,0,0,0,1,0,1,0,"734977,558000000193715","5696036,122999999672174",12.375828458000058,51.366891155000076,1,9,9,9,Nord
253220,14230502148410268010,14,7,13,000,2023,05,20,3,3,5,2,1,0,1,1,0,0,0,0,"735751,075899999588728","5693378,861199999228120",12.385160107000047,51.34271847400004,1,0,0,0,Mitte
253221,14230502148310296370,14,7,13,000,2023,05,05,3,3,5,3,1,0,0,1,0,0,0,0,"727166,387099999934435","5694564,837400000542402",12.262867689000075,51.35686029200008,1,7,7,7,Alt-West
253222,14230502144200274081,14,7,13,000,2023,05,14,3,1,4,7,0,0,0,1,0,0,0,0,"737942,157599999569356","5687078,798900000751019",12.412359753000032,51.28525620800008,1,4,4,4,Süd
253223,14230502144200274070,14,7,13,000,2023,05,12,3,3,2,2,0,0,0,1,0,0,0,1,"738693,374400000087917","5697012,804899999871850",12.429765885000052,51.374108636000074,1,1,1,1,Nordost
253224,14230502144200267920,14,7,13,000,2023,05,15,3,3,6,4,0,0,0,0,1,0,0,1,"735565,798600000329316","5692952,197000000625849",12.382222475000049,51.33896540100005,1,0,0,0,Mitte
253226,14230502144200267880,14,7,13,000,2023,05,07,3,2,6,4,0,0,0,1,1,0,0,0,"737179,359600000083447","5693351,401300000026822",12.40561182700003,51.34187800700005,1,2,2,2,Ost
253237,14230501148210390770,14,7,13,000,2023,05,18,2,3,2,2,0,0,1,1,0,0,0,0,"734874,262400000356138","5687378,035499999299645",12.368641523000065,51.28921529300004,1,4,4,4,Süd
253238,14230501144200298140,14,7,13,000,2023,05,03,2,1,0,7,2,0,1,0,0,0,0,0,"732730,664200000464916","5691388,953400000929832",12.340569689000063,51.32610004800006,1,5,5,5,Südwest
253247,14230430148410295750,14,7,13,000,2023,04,11,1,3,0,7,0,0,0,1,0,1,0,0,"734787,000500000081956","5693990,448799999430776",12.371745987000054,51.34860723400004,1,0,0,0,Mitte
253248,14230430148310297220,14,7,13,000,2023,04,16,1,3,6,6,0,0,0,1,1,0,0,0,"730643,741100000217557","5688089,000000000000000",12.308534751000025,51.29732624300004,1,5,5,5,Südwest
253255,14230429148410267020,14,7,13,000,2023,04,11,7,3,6,4,0,1,0,1,1,0,0,0,"732579,643500000238419","5692099,223600000143051",12.33886945300003,51.332537699000056,1,7,7,7,Alt-West
253256,14230429148310312530,14,7,13,000,2023,04,03,7,3,0,1,2,1,1,0,0,0,0,0,"730830,352199999615550","5694651,808599999174476",12.315457019000064,51.35616463300005,1,7,7,7,Alt-West
253263,14230428148410268020,14,7,13,000,2023,04,02,6,3,5,3,2,0,0,1,0,0,0,0,"734609,821200000122190","5691610,390000000596046",12.367638673000044,51.32731596000008,1,0,0,0,Mitte
253264,14230428148310333670,14,7,13,000,2023,04,18,6,3,3,1,0,0,1,1,0,0,0,0,"731759,542700000107288","5689911,494599999859929",12.325695385000074,51.313233568000044,1,5,5,5,Südwest
253265,14230428144200451550,14,7,13,000,2023,04,22,6,2,6,4,2,0,0,0,1,0,0,1,"732215,953700000420213","5692633,180700000375509",12.334005925000042,51.33747949600007,1,7,7,7,Alt-West
253266,14230428144200368430,14,7,13,000,2023,04,09,6,3,6,4,0,0,0,0,1,0,0,1,"738744,685399999842048","5693646,600899999961257",12.428242887000067,51.34387260500006,1,2,2,2,Ost
253267,14230428144200266851,14,7,13,000,2023,04,14,6,2,6,4,0,0,0,0,1,0,0,1,"735087,339800000190735","5689842,662499999627471",12.373314933000074,51.31125099700006,1,4,4,4,Süd
253301,14230426148410266500,14,7,13,000,2023,04,22,4,3,8,1,2,0,0,0,0,0,0,1,"735308,161000000312924","5693726,228000000119209",12.379041710000024,51.346020020000026,1,0,0,0,Mitte
253303,14230426148110296110,14,7,13,000,2023,04,16,4,3,2,6,0,0,1,1,0,0,0,0,"730918,015999999828637","5696303,757999999448657",12.317786384000044,51.37095833200004,1,8,8,8,Nordwest
253304,14230426144200274060,14,7,13,000,2023,04,07,4,2,1,3,0,0,0,1,0,0,0,0,"738716,269399999640882","5694939,750099999830127",12.428702823000037,51.35549165200007,1,1,1,1,Nordost
253314,14230425148410266490,14,7,13,000,2023,04,10,3,3,1,5,0,0,1,1,0,0,0,0,"735038,081000000238419","5691531,642500000074506",12.373722648000069,51.32643232000004,1,0,0,0,Mitte
253325,14230424148421344810,14,7,13,000,2023,04,15,2,3,2,3,0,0,0,1,0,0,0,1,"734806,411100000143051","5692366,721999999135733",12.37095368000007,51.33402400600005,1,0,0,0,Mitte
253326,14230424148410254930,14,7,13,000,2023,04,08,2,3,1,1,0,0,1,1,0,0,0,0,"735390,066800000146031","5691254,632799999788404",12.37858268900004,51.32380025900005,1,4,4,4,Süd
253327,14230424144200254870,14,7,13,000,2023,04,17,2,3,1,4,0,0,1,1,1,0,0,0,"731817,859400000423193","5691272,705000000074506",12.327415633000044,51.32542918200005,1,5,5,5,Südwest
253340,14230423148410296380,14,7,13,000,2023,04,23,1,3,5,2,2,0,1,1,0,0,0,0,"736376,526800000108778","5693005,459499999880791",12.393876263000038,51.339107082000055,1,0,0,0,Mitte
253341,14230423148320254130,14,7,13,000,2023,04,05,1,3,8,1,1,1,0,1,0,0,0,0,"731783,563599999994040","5691078,741299999877810",12.32679814000005,51.32370197600005,1,5,5,5,Südwest
253342,14230423148110311870,14,7,13,000,2023,04,15,1,2,0,1,0,0,1,0,0,0,0,0,"734302,371899999678135","5695715,619400000199676",12.365935179000076,51.36429305400003,1,9,9,9,Nord
253343,14230423145400323610,14,7,13,000,2023,04,15,1,3,2,6,0,0,0,1,0,0,0,0,"735721,952100000344217","5692868,549499999731779",12.384404952000068,51.338149851000026,1,0,0,0,Mitte
253352,14230422148320254140,14,7,13,000,2023,04,23,7,3,7,1,2,1,0,1,0,0,0,0,"730185,838600000366569","5694526,848300000652671",12.306135494000046,51.355304286000035,1,7,7,7,Alt-West
253353,14230422148310454770,14,7,13,000,2023,04,10,7,3,0,1,0,0,1,0,0,0,0,0,"731527,264000000432134","5691624,659700000658631",12.32348071000007,51.32870696100008,1,7,7,7,Alt-West
253354,14230422148310267980,14,7,13,000,2023,04,16,7,3,0,1,0,0,0,0,0,1,0,0,"733353,213999999687076","5693851,550799999386072",12.351102447000073,51.347950781000065,1,0,0,0,Mitte
253355,14230422148211266450,14,7,13,000,2023,04,11,7,3,3,7,0,0,1,1,0,0,0,0,"738837,808799999766052","5688179,035800000652671",12.425915486000065,51.29475715900003,1,3,3,3,Südost
253356,14230422148110267940,14,7,13,000,2023,04,21,7,2,0,1,2,0,1,0,0,0,0,0,"731318,061300000175834","5696726,591199999675155",12.323798920000058,51.374591241000076,1,8,8,8,Nordwest
253357,14230422144200254890,14,7,13,000,2023,04,14,7,3,5,3,0,0,0,1,0,0,0,1,"736705,268000000156462","5697373,890000000596046",12.401493708000032,51.37818181800003,1,1,1,1,Nordost
253368,14230421148410267030,14,7,13,000,2023,04,12,6,3,5,7,0,0,1,0,0,0,1,0,"736751,297299999743700","5691182,539599999785423",12.39803594500006,51.32258836200003,1,0,0,0,Mitte
253369,14230421148310266470,14,7,13,000,2023,04,09,6,3,5,3,0,0,1,1,0,0,0,0,"728956,257799999788404","5694823,533299999311566",12.288697383000056,51.358464351000066,1,7,7,7,Alt-West
253370,14230421148310253540,14,7,13,000,2023,04,20,6,2,1,5,1,0,1,1,0,0,0,0,"731831,477900000289083","5690325,525900000706315",12.326994885000033,51.316920967000044,1,5,5,5,Südwest
253371,14230421148110253500,14,7,13,000,2023,04,07,6,3,5,3,0,0,1,1,0,0,0,0,"734438,400500000454485","5699384,877399999648333",12.370306586000027,51.39717350300003,1,9,9,9,Nord
253372,14230421144320254490,14,7,13,000,2023,04,18,6,3,5,2,0,0,0,1,0,0,0,0,"735707,639999999664724","5690899,912100000306964",12.382897824000054,51.320484702000044,1,4,4,4,Süd
253373,14230421144200325000,14,7,13,000,2023,04,14,6,3,6,4,0,0,0,1,1,0,0,0,"736601,650399999693036","5693951,627199999988079",12.397731129000022,51.34750640400006,1,2,2,2,Ost
253391,14230420148310254540,14,7,13,000,2023,04,11,5,2,0,1,0,0,1,0,0,0,0,0,"731758,127199999988079","5689885,064999999478459",12.325657938000063,51.31299689000008,1,5,5,5,Südwest
253393,14230420143263254480,14,7,13,000,2023,04,18,5,3,0,7,2,0,0,0,0,0,0,1,"735061,941700000315905","5690277,411900000646710",12.373237652000057,51.31516398000008,1,4,4,4,Süd
253403,14230419148422253560,14,7,13,000,2023,04,17,4,3,6,7,0,0,0,1,1,0,0,0,"734879,852199999615550","5693375,416799999773502",12.372671208000042,51.34304812000005,1,0,0,0,Mitte
253404,14230419148415324750,14,7,13,000,2023,04,17,4,3,5,2,0,1,1,1,0,0,0,0,"735033,273000000044703","5692575,486999999731779",12.374342242000068,51.33580425800005,1,0,0,0,Mitte
253405,14230419148410254550,14,7,13,000,2023,04,09,4,3,5,3,0,0,1,1,0,0,0,0,"736892,619099999777973","5690873,846200000494719",12.399855377000051,51.31975866200003,1,0,0,0,Mitte
253406,14230419148410240740,14,7,13,000,2023,04,20,4,3,5,2,2,1,1,1,0,0,0,0,"733492,560200000181794","5692243,967000000178814",12.352045934000046,51.33346297800006,1,0,0,0,Mitte
253407,14230419148410240730,14,7,13,000,2023,04,07,4,3,5,2,0,1,1,1,0,0,0,0,"737595,058899999596179","5693454,758700000122190",12.411638378000077,51.34263219700006,1,2,2,2,Ost
253408,14230419148310353310,14,7,13,000,2023,04,17,4,3,5,3,0,0,1,1,0,0,0,0,"727685,230499999597669","5690646,023199999704957",12.26780188600003,51.32147217000005,1,6,6,6,West
253409,14230419148210267960,14,7,13,000,2023,04,07,4,3,5,3,0,0,1,0,1,0,0,0,"734738,094299999997020","5694659,706000000238419",12.371486340000047,51.35463493700007,1,0,0,0,Mitte
253410,14230419148210240680,14,7,13,000,2023,04,20,4,3,5,2,0,0,1,1,0,0,0,0,"735111,557000000029802","5689427,157999999821186",12.373387984000033,51.30751125100005,1,4,4,4,Süd
253411,14230419148110253790,14,7,13,000,2023,04,15,4,3,5,3,0,0,1,1,0,0,0,0,"735692,727599999867380","5696234,708699999377131",12.386215395000022,51.36837744700006,1,9,9,9,Nord
253412,14230419148110253190,14,7,13,000,2023,04,21,4,3,8,7,2,1,0,1,0,0,0,0,"738277,367600000463426","5700009,201700000092387",12.425809884000046,51.40117845100008,1,1,1,1,Nordost
253415,14230419144200253150,14,7,13,000,2023,04,17,4,3,6,4,0,1,0,1,1,0,0,0,"731036,389399999752641","5692060,911000000312924",12.316729929000076,51.33282272500003,1,7,7,7,Alt-West
253416,14230419144100253130,14,7,13,000,2023,04,18,4,3,6,4,0,0,0,0,1,0,0,1,"735562,684200000017881","5692943,308499999344349",12.382171964000065,51.33888690500004,1,0,0,0,Mitte
253420,14230421145400267240,14,7,13,000,2023,04,15,6,3,1,6,0,0,0,1,0,0,0,0,"738482,463200000114739","5697631,499700000509620",12.42715628600007,51.379750529000034,1,1,1,1,Nordost
253423,14230530148310368030,14,7,13,000,2023,05,10,3,3,5,2,0,0,1,1,0,0,0,0,"732925,849100000225008","5691018,044900000095367",12.343123865000052,51.322690643000044,1,5,5,5,Südwest
253428,14230509148113297200,14,7,13,000,2023,05,11,3,3,1,1,0,0,0,1,0,0,0,1,"733909,323099999688566","5695635,510099999606609",12.360246481000047,51.36373591100005,1,9,9,9,Nord
253430,14230418148410254160,14,7,13,000,2023,04,08,3,3,5,2,0,0,1,1,0,0,0,0,"736509,476499999873340","5693465,484500000253320",12.396087040000054,51.34318106500007,1,0,0,0,Mitte
253431,14230418148310253831,14,7,13,000,2023,04,16,3,3,3,2,0,0,0,1,0,0,0,1,"727781,845999999903142","5689119,366299999877810",12.268211158000042,51.30772813800007,1,6,6,6,West
253432,14230418148211266460,14,7,13,000,2023,04,17,3,3,3,2,0,0,1,1,0,0,0,0,"735038,551599999889731","5691406,929300000891089",12.37364715700005,51.32531265100005,1,0,0,0,Mitte
253433,14230418144200297140,14,7,13,000,2023,04,17,3,3,5,2,0,0,0,1,0,0,0,1,"732607,313000000081956","5692305,087999999523163",12.339400345000058,51.334374368000056,1,7,7,7,Alt-West
253434,14230418144200240640,14,7,13,000,2023,04,15,3,3,5,2,0,0,1,1,0,0,0,0,"735012,922899999655783","5691985,051999999210238",12.373661182000035,51.33051269600003,1,0,0,0,Mitte
253435,14230418144200240360,14,7,13,000,2023,04,08,3,2,5,2,0,0,1,1,0,0,0,0,"735967,000099999830127","5691624,910599999129772",12.387093081000046,51.32688500000006,1,0,0,0,Mitte
253436,14230418143263266440,14,7,13,000,2023,04,15,3,2,0,7,0,0,1,0,0,0,0,1,"731996,303100000135601","5691400,103299999609590",12.330055214000026,51.32650007400008,1,5,5,5,Südwest
253438,14230530144200566720,14,7,13,000,2023,05,14,3,3,4,1,0,0,0,0,0,0,0,1,"738833,904299999587238","5693670,808199999853969",12.429537794000055,51.34405241600007,1,2,2,2,Ost
253445,14230530144200368940,14,7,13,000,2023,05,17,3,3,4,6,0,0,1,0,0,0,0,0,"739905,979899999685585","5692432,235999999567866",12.444068298000047,51.33248400100007,1,2,2,2,Ost
253453,14230417144200368950,14,7,13,000,2023,04,15,2,2,6,4,0,0,0,1,1,0,0,0,"730532,533900000154972","5691503,881500000134110",12.309149256000069,51.32802672400004,1,7,7,7,Alt-West
253454,14230417144200240420,14,7,13,000,2023,04,10,2,3,6,7,0,1,1,0,1,0,0,0,"735261,535299999639392","5693016,707399999722838",12.377904669000031,51.339670425000065,1,0,0,0,Mitte
253455,14230417144200240350,14,7,13,000,2023,04,09,2,3,5,3,0,0,1,1,0,0,0,0,"736071,093299999833107","5691523,487900000065565",12.388517269000033,51.325931420000074,1,0,0,0,Mitte
253464,14230416143263240340,14,7,13,000,2023,04,03,1,3,0,7,2,1,0,0,1,0,0,1,"732689,385400000028312","5692688,831100000068545",12.340827110000077,51.33778553700006,1,7,7,7,Alt-West
253471,14230415148410240710,14,7,13,000,2023,04,15,7,3,2,6,0,1,0,1,0,0,0,0,"734851,021900000050664","5691937,725800000131130",12.371310190000031,51.33015474200005,1,0,0,0,Mitte
253475,14230503148410298190,14,7,13,000,2023,05,15,4,3,5,3,0,0,1,1,0,0,0,0,"734749,571999999694526","5693854,164999999105930",12.371119614000065,51.34739935500005,1,0,0,0,Mitte
253480,14230414148110297170,14,7,13,000,2023,04,15,6,3,5,3,0,0,0,1,0,0,0,0,"733589,038300000131130","5696580,341099999845028",12.356274546000066,51.37234895200004,1,8,8,8,Nordwest
253481,14230414144200240370,14,7,13,000,2023,04,09,6,3,5,3,0,1,0,1,0,0,0,1,"738812,235500000417233","5696081,012599999085069",12.430844662000027,51.36569509600008,1,1,1,1,Nordost
253483,14230414144200233610,14,7,13,000,2023,04,06,6,3,5,3,0,0,0,1,0,0,0,0,"735206,955000000074506","5697889,093000000342727",12.380344109000077,51.38342897600006,1,9,9,9,Nord
253491,14230413148310234040,14,7,13,000,2023,04,14,5,3,2,6,0,0,0,1,0,0,0,0,"729823,792399999685585","5693913,406099999323487",12.300548602000049,51.34994392400006,1,7,7,7,Alt-West
253492,14230413144200223370,14,7,13,000,2023,04,12,5,2,6,7,0,0,0,1,1,0,0,0,"735254,720200000330806","5689091,326799999922514",12.375216880000039,51.304437550000046,1,4,4,4,Süd
253497,14230412144200223390,14,7,13,000,2023,04,15,4,3,5,3,0,1,0,1,0,0,0,0,"737962,692999999970198","5693733,776399999856949",12.41709363900003,51.344982912000035,1,2,2,2,Ost
253499,14230423148110311890,14,7,13,000,2023,04,21,1,3,5,2,2,0,1,1,0,0,0,0,"734098,508899999782443","5696320,983100000768900",12.363410460000068,51.369811095000045,1,9,9,9,Nord
253500,14230412143263240330,14,7,13,000,2023,04,14,4,3,5,2,0,0,1,0,0,0,0,1,"738415,834499999880791","5696063,309900000691414",12.425148921000073,51.36570268600008,1,1,1,1,Nordost
253507,14230411148410240720,14,7,13,000,2023,04,15,3,3,5,3,0,0,1,1,0,0,0,0,"734770,330000000074506","5693729,881999999284744",12.371335200000033,51.34627517100006,1,0,0,0,Mitte
253509,14230411148210216390,14,7,13,000,2023,04,20,3,3,3,2,2,0,1,1,0,0,0,0,"735183,289699999615550","5688962,810599999502301",12.374109283000053,51.303313443000036,1,4,4,4,Süd
253521,14230410148310240700,14,7,13,000,2023,04,13,2,3,5,3,0,0,1,1,0,0,0,0,"732153,040699999779463","5690953,651399999856949",12.332010184000069,51.32242843600005,1,5,5,5,Südwest
253522,14230410148210216400,14,7,13,000,2023,04,11,2,3,0,7,0,0,0,1,0,0,0,0,"740840,920800000429153","5691616,559699999168515",12.45691285600003,51.32476771300003,1,2,2,2,Ost
253523,14230410148110233800,14,7,13,000,2023,04,15,2,3,5,3,0,0,0,1,0,0,0,0,"738793,800800000317395","5696433,074500000104308",12.430816743000037,51.36886288200003,1,1,1,1,Nordost
253528,14230409148410234290,14,7,13,000,2023,04,13,1,3,5,2,0,0,0,1,0,0,0,0,"735563,715099999681115","5692151,133799999952316",12.381662945000073,51.331775675000074,1,0,0,0,Mitte
253531,14230530148310367750,14,7,13,000,2023,05,15,3,3,2,6,0,0,0,1,0,0,0,0,"730274,983099999837577","5691372,006999999284744",12.305373682000038,51.32694719600005,1,6,6,6,West
253535,14230408148323268000,14,7,13,000,2023,04,10,7,3,6,7,0,0,0,1,1,0,0,0,"732782,239000000059605","5691360,866200000047684",12.341290290000074,51.32582681800005,1,5,5,5,Südwest
253536,14230408148320254150,14,7,13,000,2023,04,12,7,3,6,7,0,1,0,1,1,0,0,0,"727209,085300000384450","5693565,077800000086427",12.262841661000039,51.34786801900003,1,7,7,7,Alt-West
253543,14230407662223216470,14,7,13,000,2023,04,04,6,2,0,7,2,0,1,0,0,0,0,0,"736078,479199999943376","5697674,570299999788404",12.39270338700004,51.38114168300007,1,9,9,9,Nord
253544,14230407148210215550,14,7,13,000,2023,04,23,6,3,0,1,2,1,1,0,0,0,0,0,"735316,240299999713898","5689554,088600000366569",12.37640302400007,51.30856606300006,1,4,4,4,Süd
253550,14230406148410297920,14,7,13,000,2023,04,19,5,2,7,7,1,0,1,0,0,0,0,0,"735307,870600000023842","5689423,100199999287724",12.376196776000029,51.30739371900006,1,4,4,4,Süd
253551,14230406148410216440,14,7,13,000,2023,04,07,5,3,5,3,0,0,1,1,0,0,0,0,"736650,872000000439584","5692457,038000000640750",12.39744354000004,51.33407026100008,1,3,3,3,Südost
253553,14230406148210234030,14,7,13,000,2023,04,15,5,3,3,7,0,0,1,1,0,0,0,0,"735288,667799999937415","5690580,921599999070168",12.376685438000038,51.31779471500005,1,4,4,4,Süd
253554,14230406144200233620,14,7,13,000,2023,04,09,5,1,6,4,0,0,0,0,1,0,0,1,"741780,261900000274181","5695519,980599999427795",12.473019227000066,51.35940429300007,1,2,2,2,Ost
253555,14230406144200215120,14,7,13,000,2023,04,17,5,3,6,4,0,0,0,1,1,0,0,0,"731209,165699999779463","5693362,650499999523163",12.320050801000036,51.344438069000034,1,7,7,7,Alt-West
253568,14230405148410215400,14,7,13,000,2023,04,08,4,3,5,2,0,0,1,1,0,0,0,0,"734477,556499999947846","5693079,953400000929832",12.366710772000033,51.340561957000034,1,0,0,0,Mitte
253569,14230405148310254920,14,7,13,000,2023,04,10,4,3,1,7,0,0,0,1,0,0,0,1,"732474,510499999858439","5691189,109799999743700",12.336769275000051,51.32441083300006,1,5,5,5,Südwest
253570,14230405148211216110,14,7,13,000,2023,04,07,4,3,5,3,0,0,1,0,0,1,0,0,"737469,024699999950826","5693071,737999999895692",12.409576703000027,51.339246839000054,1,2,2,2,Ost
253571,14230405148210223190,14,7,13,000,2023,04,16,4,3,5,2,0,0,1,1,0,0,0,0,"735318,728000000119209","5692590,212899999693036",12.378442566000047,51.335818404000065,1,0,0,0,Mitte
253572,14230405148210216410,14,7,13,000,2023,04,09,4,3,3,2,0,0,1,1,0,0,0,0,"738550,748999999836087","5690968,512900000438094",12.423670552000033,51.31991571900005,1,3,3,3,Südost
253573,14230405148210215530,14,7,13,000,2023,04,16,4,3,2,6,0,0,0,1,0,0,0,0,"742706,419499999843538","5694102,255200000479817",12.485329723000063,51.34628497800003,1,2,2,2,Ost
253575,14230405144200267900,14,7,13,000,2023,04,15,4,3,5,3,0,0,1,1,0,0,0,0,"730766,351800000295043","5690217,289799999445677",12.311666781000042,51.31638223300007,1,5,5,5,Südwest
253576,14230405144200214640,14,7,13,000,2023,04,15,4,2,5,3,0,0,1,0,0,0,0,1,"734295,018299999646842","5690896,276100000366569",12.362658950000025,51.32103545200005,1,4,4,4,Süd
253581,14230524148410458620,14,7,13,000,2023,05,14,4,3,5,2,0,0,1,0,0,0,1,0,"735761,779199999757111","5693474,010299999266863",12.385376503000032,51.343568119000054,1,0,0,0,Mitte
253582,14230404148410295300,14,7,13,000,2023,04,15,3,3,6,7,0,0,0,1,1,0,0,0,"735811,133999999612570","5692464,940500000491738",12.385415827000031,51.334489974000064,1,0,0,0,Mitte
253583,14230404148310204090,14,7,13,000,2023,04,16,3,3,6,4,0,0,0,1,1,0,0,0,"732441,705099999904633","5691676,603199999779463",12.336617175000072,51.328800337000075,1,5,5,5,Südwest
253584,14230404148110214680,14,7,13,000,2023,04,18,3,3,5,2,0,0,1,1,0,0,0,0,"735430,182900000363588","5695944,973400000482798",12.382258640000032,51.365885579000064,1,9,9,9,Nord
253585,14230404144200215840,14,7,13,000,2023,04,14,3,3,5,3,0,0,1,0,0,0,0,0,"735922,443900000303984","5692740,629100000485778",12.387193417000049,51.33691846500005,1,0,0,0,Mitte
253587,14230404144200214650,14,7,13,000,2023,04,11,3,3,3,5,0,0,1,1,0,0,0,0,"734323,323300000280142","5696058,202999999746680",12.366461327000025,51.36735958200006,1,9,9,9,Nord
253589,14230515148410345680,14,7,13,000,2023,05,11,2,3,2,6,0,0,0,1,0,1,0,0,"734662,732499999925494","5693225,938500000163913",12.369460850000053,51.34179599200007,1,0,0,0,Mitte
253593,14230516148410400230,14,7,13,000,2023,05,16,3,3,5,2,0,0,1,1,0,0,0,0,"736424,434500000439584","5693410,322899999096990",12.394831585000077,51.34272129300007,1,0,0,0,Mitte
253602,14230403148422214730,14,7,13,000,2023,04,14,2,3,2,6,0,0,1,0,0,0,0,0,"737696,878499999642372","5692442,727700000628829",12.412422302000039,51.33350563600004,1,2,2,2,Ost
253603,14230403148410215390,14,7,13,000,2023,04,16,2,3,5,3,0,0,0,1,0,0,0,1,"734368,721800000406802","5692000,181700000539422",12.364440626000032,51.330914293000035,1,0,0,0,Mitte
253605,14230403148410214720,14,7,13,000,2023,04,08,2,3,5,2,0,0,1,1,0,0,0,0,"733008,903300000354648","5691312,456199999898672",12.34450617300007,51.32529947000006,1,5,5,5,Südwest
253606,14230403148410203610,14,7,13,000,2023,04,09,2,3,2,6,0,0,0,1,0,0,1,0,"739502,356499999761581","5691872,937899999320507",12.437909249000029,51.32763395300003,1,2,2,2,Ost
253607,14230403148310203580,14,7,13,000,2023,04,09,2,3,3,6,0,0,1,1,0,0,0,0,"731702,067300000227988","5691897,388000000268221",12.326162725000074,51.33108402500005,1,7,7,7,Alt-West
253608,14230403148210204070,14,7,13,000,2023,04,15,2,2,1,5,0,0,1,1,0,0,0,0,"733618,949199999682605","5692099,822899999096990",12.353762544000062,51.33211715900006,1,0,0,0,Mitte
253609,14230403144200215140,14,7,13,000,2023,04,14,2,3,3,6,0,0,1,0,0,0,0,1,"736407,538300000131130","5693003,907700000330806",12.39431965500006,51.33908026200004,1,0,0,0,Mitte
253610,14230403144200204040,14,7,13,000,2023,04,17,2,2,5,3,0,0,0,1,0,0,0,1,"735038,555399999953806","5691406,531199999153614",12.373646949000033,51.325309075000064,1,0,0,0,Mitte
253617,14230402144200203540,14,7,13,000,2023,04,23,1,3,5,2,2,0,0,1,0,0,0,0,"736167,244500000029802","5691063,477900000289083",12.389590072000033,51.32176235000003,1,0,0,0,Mitte
253623,14230401148410233640,14,7,13,000,2023,04,22,7,3,0,1,2,1,1,0,0,0,0,0,"736455,638899999670684","5693228,704600000753999",12.395158218000063,51.341078080000045,1,0,0,0,Mitte
253624,14230401148310215380,14,7,13,000,2023,04,22,7,3,4,6,2,1,0,1,0,0,0,0,"731643,652800000272691","5690370,898800000548363",12.324333766000052,51.31740475500004,1,5,5,5,Südwest
253625,14230401148310215370,14,7,13,000,2023,04,02,7,3,5,2,2,0,1,1,0,0,0,0,"733263,490899999625981","5692086,904799999669194",12.348660599000027,51.33214708200006,1,5,5,5,Südwest
253626,14230401148210233630,14,7,13,000,2023,04,13,7,3,0,1,0,1,1,0,0,0,0,0,"735278,883999999612570","5689578,607000000774860",12.375884188000043,51.308801591000076,1,4,4,4,Süd
253627,14230401148110202900,14,7,13,000,2023,04,18,7,3,3,6,0,1,0,1,0,1,0,0,"734051,984500000253320","5695236,891000000759959",12.362029827000072,51.360098977000064,1,9,9,9,Nord
253628,14230401144200254500,14,7,13,000,2023,04,23,7,3,5,3,2,1,0,1,0,0,0,0,"732313,428700000047684","5690623,168600000441074",12.33409266600006,51.319396307000034,1,5,5,5,Südwest
253629,14230514148410323980,14,7,13,000,2023,05,16,1,3,5,3,0,0,1,1,0,0,0,0,"735604,483699999749660","5693121,426400000229478",12.382888815000058,51.340468427000076,1,0,0,0,Mitte
253638,14230331148310215860,14,7,13,000,2023,03,13,6,3,3,7,0,1,0,1,0,0,0,0,"732606,601099999621511","5692311,266599999740720",12.339394177000031,51.33443012200007,1,7,7,7,Alt-West
253640,14230331144200240070,14,7,13,000,2023,03,10,6,1,6,7,0,1,0,0,1,0,0,1,"737275,523000000044703","5696662,190899999812245",12.409197726000059,51.37155563300007,1,1,1,1,Nordost
253652,14230403144100298120,14,7,13,000,2023,04,17,2,3,5,3,0,0,0,1,0,1,0,0,"735346,545500000007451","5689376,497500000521541",12.376719913000045,51.30695940800007,1,4,4,4,Süd
253653,14230330148310190860,14,7,13,000,2023,03,18,5,3,5,3,1,0,0,1,0,0,0,0,"731813,985500000417233","5689252,527899999171495",12.326047046000042,51.307295948000046,1,5,5,5,Südwest
253654,14230330148210223410,14,7,13,000,2023,03,16,5,3,2,6,0,0,1,1,0,0,0,0,"735119,040900000371039","5689428,649399999529123",12.373496146000036,51.30752154700008,1,4,4,4,Süd
253655,14230330148110214690,14,7,13,000,2023,03,06,5,3,6,4,0,0,0,1,1,0,0,0,"738914,711299999617040","5697644,480000000447035",12.433364747000041,51.37968534000004,1,1,1,1,Nordost