OID_,UIDENTSTLAE,ULAND,UREGBEZ,UKREIS,UGEMEINDE,UJAHR,UMONAT,USTUNDE,UWOCHENTAG,UKATEGORIE,UART,UTYP1,ULICHTVERH,IstStrassenzustand,IstRad,IstPKW,IstFuss,IstKrad,IstGkfz,IstSonstige,LINREFX,LINREFY,XGCSWGS84,YGCSWGS84,PLST,index_right,FID,SBZ,Name
253658,14230518148120325070,14,7,13,000,2023,05,14,5,2,0,1,0,0,0,0,0,0,0,1,"738575,444299999624491","5697629,708699999377131",12.42848871700005,51.379695396000045,1,1,1,1,Nordost
253669,14230329148210203570,14,7,13,000,2023,03,15,4,3,2,2,0,0,0,1,0,0,0,0,"736184,980800000019372","5689666,392999999225140",12.388919010000052,51.30921438000007,1,4,4,4,Süd
253678,14230415148310274110,14,7,13,000,2023,04,13,7,3,8,1,0,1,0,1,0,0,0,0,"732011,617200000211596","5693813,450799999758601",12.33184650000004,51.34815789700008,1,7,7,7,Alt-West
253679,14230328148310202670,14,7,13,000,2023,03,16,3,3,2,6,0,0,0,1,0,0,0,0,"730764,347699999809265","5691668,510299999266863",12.312577428000054,51.32941060200005,1,7,7,7,Alt-West
253680,14230328148211313530,14,7,13,000,2023,03,06,3,3,0,7,0,0,0,0,0,0,0,1,"735413,305999999865890","5692994,523000000044703",12.380065073000026,51.33940848100008,1,0,0,0,Mitte
253681,14230328148110184660,14,7,13,000,2023,03,10,3,3,2,6,0,0,0,1,0,0,0,0,"733997,276300000026822","5695595,651900000870228",12.361481424000033,51.36334191000003,1,9,9,9,Nord
253682,14230328144200190830,14,7,13,000,2023,03,10,3,2,5,2,0,0,1,1,0,0,0,0,"735995,727400000207126","5699801,322000000625849",12.392929691000063,51.40026607200008,1,9,9,9,Nord
253683,14230328144200190600,14,7,13,000,2023,03,21,3,3,9,7,2,0,0,1,0,0,0,0,"734129,076700000092387","5693439,212400000542402",12.361952625000072,51.34393042900007,1,0,0,0,Mitte
253695,14230327148210388150,14,7,13,000,2023,03,09,2,3,0,1,0,0,1,0,0,0,0,0,"734897,236299999989569","5687432,195399999618530",12.369006027000069,51.289691987000026,1,4,4,4,Süd
253696,14230327148210184670,14,7,13,000,2023,03,11,2,3,5,3,0,0,0,1,0,0,0,0,"740245,287700000219047","5693903,664899999275804",12.449922349000076,51.34554784900007,1,2,2,2,Ost
253697,14230327148110190660,14,7,13,000,2023,03,07,2,3,0,1,0,0,1,0,0,0,0,0,"733757,446800000034273","5698390,654300000518560",12.359880732000022,51.38852984600004,1,9,9,9,Nord
253698,14230327144200190610,14,7,13,000,2023,03,15,2,3,5,2,0,0,1,1,0,0,0,0,"736067,713899999856949","5691528,677899999544024",12.388472290000038,51.32597940900007,1,0,0,0,Mitte
253699,14230327144200184640,14,7,13,000,2023,03,15,2,2,6,4,0,0,1,0,1,0,0,0,"736499,551400000229478","5693470,576500000432134",12.395948174000068,51.34323090000004,1,2,2,2,Ost
253708,14230508148110297180,14,7,13,000,2023,05,14,2,3,5,3,0,0,0,1,0,1,0,0,"736355,826000000350177","5698818,755000000819564",12.397442951000073,51.391296606000026,1,1,1,1,Nordost
253712,14230326148410215870,14,7,13,000,2023,03,14,1,3,2,6,0,1,0,1,0,0,0,0,"735259,639200000092387","5695210,114900000393391",12.379327107000051,51.35935992700007,1,0,0,0,Mitte
253713,14230326148223240670,14,7,13,000,2023,03,05,1,3,0,1,2,1,1,0,0,0,0,0,"737634,515700000338256","5693528,696299999952316",12.412253201000055,51.34327937300003,1,2,2,2,Ost
253714,14230326148210214700,14,7,13,000,2023,03,14,1,3,5,2,0,1,1,1,0,0,0,0,"739921,058699999935925","5693974,814600000157952",12.445323408000036,51.34632338200004,1,2,2,2,Ost
253715,14230326144200203560,14,7,13,000,2023,03,20,1,2,6,2,2,1,0,1,1,0,0,0,"735895,920199999585748","5692598,802200000733137",12.386719409000023,51.33565639200003,1,0,0,0,Mitte
253724,14230325148410183980,14,7,13,000,2023,03,10,7,3,2,6,0,0,0,1,0,0,0,0,"734851,006099999882281","5691936,820599999278784",12.371309367000038,51.330146623000076,1,0,0,0,Mitte
253725,14230325144200183620,14,7,13,000,2023,03,22,7,3,5,2,2,0,1,1,0,0,0,0,"734834,741000000387430","5692213,793999999761581",12.371258843000021,51.33263956500008,1,0,0,0,Mitte
253740,14230324148421298200,14,7,13,000,2023,03,09,6,3,6,7,0,0,0,1,0,0,0,1,"734101,557099999859929","5697433,682800000533462",12.364187000000072,51.37979789000008,1,9,9,9,Nord
253742,14230324148410183420,14,7,13,000,2023,03,17,6,3,2,6,0,0,0,1,0,0,0,0,"734262,862300000153482","5691957,263000000268221",12.36289557400005,51.33057264000007,1,0,0,0,Mitte
253743,14230324148410183410,14,7,13,000,2023,03,14,6,3,5,3,0,1,1,1,0,0,0,0,"734446,503600000403821","5692130,490700000897050",12.365640876000043,51.332051954000065,1,0,0,0,Mitte
253744,14230324148310190850,14,7,13,000,2023,03,07,6,3,5,3,0,1,1,1,0,0,0,0,"728492,060999999754131","5694742,506699999794364",12.281989443000043,51.35792380000004,1,7,7,7,Alt-West
253745,14230324148110183370,14,7,13,000,2023,03,16,6,2,0,1,0,1,1,0,0,0,0,0,"737673,040599999949336","5695333,674100000411272",12.414010591000022,51.35946473100006,1,1,1,1,Nordost
253746,14230324144200190620,14,7,13,000,2023,03,13,6,2,6,4,0,1,0,1,1,0,0,0,"732655,436400000005960","5691778,612299999222159",12.339746212000023,51.32962867100008,1,5,5,5,Südwest
253754,14230512144200311830,14,7,13,000,2023,05,07,6,3,5,3,0,0,0,1,0,0,0,0,"737810,258700000122190","5697849,521500000730157",12.417660644000023,51.381989385000054,1,1,1,1,Nordost
253756,14230323148310184680,14,7,13,000,2023,03,08,5,3,0,1,0,1,0,0,0,1,0,0,"732838,709699999541044","5691299,553200000897050",12.342059324000047,51.32525332200004,1,5,5,5,Südwest
253757,14230323148110184650,14,7,13,000,2023,03,06,5,3,3,6,1,1,1,1,0,0,0,0,"735102,952899999916553","5693973,730900000780821",12.376263846000029,51.34832658800008,1,0,0,0,Mitte
253758,14230323148110172120,14,7,13,000,2023,03,08,5,3,5,3,0,0,1,1,0,0,0,0,"736572,009600000455976","5697169,526900000870228",12.39944635200004,51.376402969000026,1,1,1,1,Nordost
253759,14230323144200183940,14,7,13,000,2023,03,15,5,2,5,3,0,0,0,1,0,1,0,0,"736723,123200000263751","5697548,260500000789762",12.40186595800003,51.379739535000056,1,1,1,1,Nordost
253760,14230323143263183330,14,7,13,000,2023,03,15,5,3,5,2,0,0,1,1,0,0,0,0,"734481,621199999935925","5695028,281600000336766",12.368052397000042,51.35804929100004,1,9,9,9,Nord
253772,14230322148415203200,14,7,13,000,2023,03,09,4,3,2,6,0,0,1,0,0,0,0,0,"735001,621000000275671","5692240,517999999225140",12.37366772100006,51.33281052700005,1,0,0,0,Mitte
253775,14230322143263223350,14,7,13,000,2023,03,19,4,2,0,1,2,1,1,0,0,0,0,0,"734517,053999999538064","5695383,630300000309944",12.368794646000026,51.36122441900005,1,9,9,9,Nord
253783,14230321148410165020,14,7,13,000,2023,03,06,3,2,4,2,0,0,1,1,0,0,0,0,"735587,945100000128150","5692244,623700000345707",12.382071942000039,51.33260483500004,1,0,0,0,Mitte
253785,14230510148410345980,14,7,13,000,2023,05,09,4,3,1,5,0,0,1,0,0,0,1,0,"734007,398299999535084","5693084,607100000604987",12.35997560900006,51.34079740900006,1,0,0,0,Mitte
253786,14230321144200172110,14,7,13,000,2023,03,17,3,3,6,4,0,0,0,1,1,0,0,0,"729145,009200000204146","5691412,862999999895692",12.289209033000077,51.32777023300008,1,6,6,6,West
253799,14230320148410203620,14,7,13,000,2023,03,19,2,3,6,2,1,1,0,1,1,0,0,0,"735417,474499999545515","5692970,738399999216199",12.380109092000055,51.339193257000034,1,0,0,0,Mitte
253801,14230320148210183380,14,7,13,000,2023,03,12,2,3,6,4,0,1,1,0,1,0,0,0,"734923,884600000455976","5690982,498199999332428",12.371724649000043,51.32155013900007,1,4,4,4,Süd
253803,14230320148210164920,14,7,13,000,2023,03,08,2,3,5,3,0,1,1,1,0,0,0,0,"734910,466900000348687","5690880,047700000926852",12.371464932000038,51.32063603900008,1,4,4,4,Süd
253804,14230320144200165170,14,7,13,000,2023,03,14,2,3,5,3,0,0,0,1,0,0,0,0,"734395,104100000113249","5691540,765599999576807",12.364516500000036,51.32677948500003,1,0,0,0,Mitte
253817,14230319148110172130,14,7,13,000,2023,03,14,1,3,5,3,0,1,1,1,0,0,0,0,"737652,916899999603629","5695335,093200000002980",12.41372302700006,51.359485885000026,1,1,1,1,Nordost
253818,14230319145400216100,14,7,13,000,2023,03,04,1,2,8,1,2,0,0,0,0,0,0,1,"734745,356300000101328","5693442,526699999347329",12.370787793000034,51.34370606900006,1,0,0,0,Mitte
253827,14230318148420164380,14,7,13,000,2023,03,19,7,3,5,2,2,0,1,1,0,0,0,0,"735307,007600000128150","5693625,512199999764562",12.378958617000023,51.34511644000003,1,0,0,0,Mitte
253828,14230318148310183960,14,7,13,000,2023,03,17,7,3,5,3,0,0,0,1,0,1,0,0,"729654,063599999994040","5694658,309299999848008",12.298596117000045,51.35669955100008,1,7,7,7,Alt-West
253829,14230318144200164330,14,7,13,000,2023,03,17,7,2,2,6,0,0,1,1,0,0,0,0,"731591,927699999883771","5698663,173599999397993",12.328989352000065,51.39186379800003,1,8,8,8,Nordwest
253830,14230510148310298180,14,7,13,000,2023,05,17,4,3,0,1,0,1,0,1,0,1,0,0,"732962,563799999654293","5691196,453099999576807",12.34376644200006,51.32427712500004,1,5,5,5,Südwest
253832,14230318144200164310,14,7,13,000,2023,03,18,7,2,0,1,2,0,1,0,0,0,0,0,"739919,438699999824166","5693658,277599999681115",12.445086908000064,51.343482925000046,1,2,2,2,Ost
253833,14230424148410266880,14,7,13,000,2023,04,12,2,3,4,2,0,0,1,1,0,0,0,0,"735011,079900000244379","5691985,192500000819564",12.373634867000021,51.330514718000074,1,0,0,0,Mitte
253843,14230317662223165270,14,7,13,000,2023,03,12,6,3,8,7,0,0,0,1,0,0,0,0,"726643,154400000348687","5692560,022800000384450",12.254088982000042,51.33907109900008,1,7,7,7,Alt-West
253844,14230317148310165220,14,7,13,000,2023,03,18,6,3,0,7,1,0,0,0,0,0,0,1,"732849,129999999888241","5690555,004000000655651",12.341722360000063,51.31856546600005,1,5,5,5,Südwest
253845,14230317148210164000,14,7,13,000,2023,03,18,6,3,5,3,2,0,1,0,0,1,0,0,"738712,735199999995530","5690991,355399999767542",12.426006204000032,51.32005282400007,1,3,3,3,Südost
253846,14230317144200164870,14,7,13,000,2023,03,15,6,2,5,3,0,0,1,1,0,0,0,0,"735080,712799999862909","5689623,892899999395013",12.373075869000047,51.30928996500006,1,4,4,4,Süd
253860,14230518144200352910,14,7,13,000,2023,05,19,5,3,5,3,0,0,1,1,0,0,0,0,"735979,102599999867380","5696012,322799999266863",12.390174462000061,51.36626238300005,1,9,9,9,Nord
253864,14230316148415164930,14,7,13,000,2023,03,13,5,3,1,5,0,0,1,1,0,0,0,0,"734808,654699999839067","5691572,561699999496341",12.370462552000049,51.326894365000044,1,0,0,0,Mitte
253865,14230316148310233820,14,7,13,000,2023,03,07,5,3,5,3,0,0,1,1,0,0,0,0,"730922,967600000090897","5693920,497199999168515",12.316310367000028,51.34956211400004,1,7,7,7,Alt-West
253866,14230316148110165190,14,7,13,000,2023,03,08,5,3,6,4,0,0,0,1,1,0,0,0,"736478,042200000025332","5697180,777499999850988",12.39810611400003,51.37654309100003,1,1,1,1,Nordost
253874,14230807148410529480,14,7,13,000,2023,08,16,2,3,2,6,0,1,0,1,0,0,0,0,"733597,007600000128150","5693008,423100000247359",12.354043929000056,51.340282280000054,1,0,0,0,Mitte
253875,14230807148410529460,14,7,13,000,2023,08,07,2,3,0,1,0,1,0,0,0,1,0,0,"735352,547500000335276","5692601,722699999809265",12.378934806000075,51.33590772600007,1,0,0,0,Mitte
253884,14230806148410529010,14,7,13,000,2023,08,20,1,2,0,1,2,1,1,0,0,0,0,0,"736257,262400000356138","5692969,241200000047684",12.392143073000057,51.33883154100005,1,0,0,0,Mitte
253885,14230806148210551870,14,7,13,000,2023,08,21,1,3,5,3,2,1,0,1,0,0,0,0,"738040,751500000245869","5691163,139000000432134",12.416495004000069,51.32187624900007,1,3,3,3,Südost
253893,14230805148410565600,14,7,13,000,2023,08,12,7,3,2,6,0,0,0,1,0,0,0,0,"734521,780799999833107","5693635,707299999892712",12.367710590000058,51.34553240400004,1,0,0,0,Mitte
253894,14230805144200545180,14,7,13,000,2023,08,10,7,3,0,1,0,0,1,0,0,0,0,0,"731918,797399999573827","5688969,450099999085069",12.327364187000057,51.30471211200006,1,5,5,5,Südwest
253897,14230804148310528360,14,7,13,000,2023,08,07,6,3,5,3,0,1,1,1,0,0,0,0,"728019,979700000025332","5688629,120899999514222",12.271308678000025,51.30323169700006,1,6,6,6,West
253898,14230804148110552130,14,7,13,000,2023,08,18,6,3,5,3,0,0,0,1,0,0,0,0,"734491,931200000457466","5698177,258400000631809",12.370277276000024,51.38631140800004,1,9,9,9,Nord
253899,14230804144310653550,14,7,13,000,2023,08,15,6,3,1,5,0,0,1,0,0,0,0,1,"734969,923600000329316","5693386,594799999147654",12.373969524000074,51.34311124200008,1,0,0,0,Mitte
253913,14230803148410566820,14,7,13,000,2023,08,16,5,3,0,7,0,0,0,0,0,1,0,1,"737283,318199999630451","5692938,273299999535084",12.406826486000057,51.338126370000055,1,2,2,2,Ost
253914,14230803148410559500,14,7,13,000,2023,08,20,5,3,2,6,1,0,0,1,0,0,0,0,"737556,124200000427663","5691979,632600000128150",12.410096728000042,51.32940767700006,1,3,3,3,Südost
253915,14230803148210528610,14,7,13,000,2023,08,08,5,3,5,2,0,0,0,1,0,0,0,0,"741208,521099999547005","5696063,467700000852346",12.465191208000022,51.364525326000035,1,2,2,2,Ost
253916,14230803145400576670,14,7,13,000,2023,08,08,5,3,5,3,0,0,0,1,0,0,0,0,"734460,409099999815226","5691848,201999999582767",12.36565439900005,51.32951226800003,1,0,0,0,Mitte
253917,14230803144200544280,14,7,13,000,2023,08,15,5,3,5,2,0,0,0,1,0,0,0,0,"739100,182099999859929","5699445,536299999803305",12.437237322000044,51.39577304300008,1,1,1,1,Nordost
253918,14230803144200527950,14,7,13,000,2023,08,10,5,3,5,3,0,0,0,1,0,0,0,1,"740845,941999999806285","5694777,335999999195337",12.45912198700006,51.35313541100004,1,2,2,2,Ost
253932,14230802148310529000,14,7,13,000,2023,08,16,4,3,2,2,0,1,0,1,0,0,0,0,"730364,874400000087917","5693612,980599999427795",12.308110894000038,51.34702799400003,1,7,7,7,Alt-West
253933,14230802144200529450,14,7,13,000,2023,08,17,4,3,0,2,0,0,0,1,0,0,0,1,"735460,459300000220537","5693288,399499999359250",12.380935123000029,51.34202688400006,1,0,0,0,Mitte
253934,14230802144200527910,14,7,13,000,2023,08,08,4,2,2,6,0,0,0,1,0,1,0,1,"737781,897699999623001","5693742,704800000414252",12.414508371000068,51.34513869500006,1,2,2,2,Ost
253935,14230802144200527280,14,7,13,000,2023,08,05,4,3,5,3,1,0,1,0,0,0,0,1,"739938,457000000402331","5694085,490000000223517",12.445647353000027,51.347309428000074,1,2,2,2,Ost
253943,14230801148410516751,14,7,13,000,2023,08,00,3,2,0,7,2,1,1,0,0,0,0,0,"735002,298200000077486","5692234,133300000801682",12.373673214000064,51.33275293600008,1,0,0,0,Mitte
253944,14230801148410516740,14,7,13,000,2023,08,13,3,2,0,1,0,1,1,0,0,0,0,0,"734764,051099999807775","5693479,286000000312924",12.371079974000054,51.34402831600005,1,0,0,0,Mitte
253945,14230801148310528370,14,7,13,000,2023,08,18,3,3,5,3,0,0,0,1,0,0,0,0,"731838,674899999983609","5691488,605799999088049",12.327854297000044,51.32735880200005,1,5,5,5,Südwest
253954,14230731148410516390,14,7,13,000,2023,07,06,2,3,0,1,0,1,1,0,0,0,0,0,"735427,525899999774992","5691543,321399999782443",12.379310002000068,51.32637613000003,1,0,0,0,Mitte
253955,14230731148310528990,14,7,13,000,2023,07,07,2,3,5,2,0,1,0,1,0,0,0,1,"728909,117600000463426","5689666,112099999561906",12.284707580000031,51.31218424700006,1,6,6,6,West
253962,14230730148410529470,14,7,13,000,2023,07,15,1,2,3,2,0,1,1,0,0,0,0,0,"735756,189699999988079","5692870,688100000843406",12.384897017000071,51.33815485500003,1,0,0,0,Mitte
253964,14230730144200638320,14,7,13,000,2023,07,17,1,2,4,6,0,1,1,0,0,0,0,0,"741661,369300000369549","5693992,505300000309944",12.470277649000025,51.34574509500004,1,2,2,2,Ost
253971,14230729148410515980,14,7,13,000,2023,07,12,7,3,5,2,0,0,1,1,0,0,0,0,"736425,919599999673665","5691204,718800000846386",12.393389381000077,51.322922739000035,1,0,0,0,Mitte
253972,14230729144200565910,14,7,13,000,2023,07,10,7,2,5,2,0,0,1,1,0,0,0,0,"732314,352500000037253","5690619,211999999359250",12.334103322000033,51.31936041200004,1,5,5,5,Südwest
253973,14230729144200560240,14,7,13,000,2023,07,18,7,3,2,3,0,1,0,1,0,0,0,1,"740585,153699999675155","5689996,955299999564886",12.452156271000035,51.31033888500008,1,3,3,3,Südost
253981,14230728148414577370,14,7,13,000,2023,07,15,6,2,5,7,0,0,1,0,0,0,0,0,"733704,947999999858439","5691920,254000000655651",12.354877075000047,51.33046992000004,1,0,0,0,Mitte
253982,14230728148410585460,14,7,13,000,2023,07,00,6,3,0,1,2,1,1,0,0,0,0,0,"733241,200000000186265","5691713,098099999129772",12.348096523000038,51.328800701000034,1,5,5,5,Südwest
253983,14230728148310528980,14,7,13,000,2023,07,16,6,3,5,7,0,0,0,1,0,1,0,0,"730838,031600000336766","5684921,446699999272823",12.309270536000042,51.26881226000006,1,5,5,5,Südwest
253984,14230728148210516380,14,7,13,000,2023,07,18,6,3,5,2,0,0,0,1,0,0,0,0,"742286,057900000363588","5694030,541899999603629",12.47925637700007,51.34582062100003,1,2,2,2,Ost
253985,14230728145000516710,14,7,13,000,2023,07,04,6,2,0,7,2,1,1,0,0,0,0,0,"734101,920199999585748","5692108,251900000497699",12.360688675000063,51.33199425200007,1,0,0,0,Mitte
253994,14230727148410516760,14,7,13,000,2023,07,07,5,3,4,3,0,0,1,0,0,0,0,0,"734892,708899999968708","5693390,350600000470877",12.372865327000056,51.34317686000003,1,0,0,0,Mitte
253995,14230727144200708680,14,7,13,000,2023,07,17,5,3,5,2,0,1,1,1,0,0,0,0,"736314,910000000149012","5692770,266100000590086",12.39283720700007,51.33702154800005,1,0,0,0,Mitte
253996,14230727144200516360,14,7,13,000,2023,07,10,5,3,2,6,0,0,0,1,0,0,0,0,"742157,288599999621511","5693362,406999999657273",12.476956565000023,51.33987870400006,1,2,2,2,Ost
253997,14230727144200515910,14,7,13,000,2023,07,15,5,3,1,2,0,1,0,1,0,0,0,0,"737630,838999999687076","5695336,650000000372529",12.413407537000069,51.359509091000064,1,1,1,1,Nordost
254007,14230726148110508960,14,7,13,000,2023,07,15,4,3,5,3,0,0,1,0,0,0,1,0,"740585,206000000238419","5700202,984999999403954",12.459057320000056,51.401943939000034,1,1,1,1,Nordost
254008,14230726144200515920,14,7,13,000,2023,07,09,4,3,1,6,0,0,0,1,0,0,0,0,"735645,416199999861419","5696561,145999999716878",12.385753290000025,51.37132724700007,1,9,9,9,Nord
254021,14230725148310508410,14,7,13,000,2023,07,15,3,3,5,2,0,0,1,1,0,0,0,0,"731756,787499999627471","5693040,848799999803305",12.327690726000071,51.34132635900005,1,7,7,7,Alt-West
254022,14230725144200528290,14,7,13,000,2023,07,10,3,3,6,4,0,0,0,1,1,0,0,0,"734535,695799999870360","5694932,294199999421835",12.368764401000021,51.35716535600005,1,9,9,9,Nord
254024,14230725144200514800,14,7,13,000,2023,07,10,3,3,2,6,0,0,0,1,0,0,0,0,"737378,137199999764562","5693161,289100000634789",12.408333904000074,51.34008860100005,1,2,2,2,Ost
254025,14230725144200498930,14,7,13,000,2023,07,13,3,2,0,5,0,0,1,1,0,0,0,0,"732839,959200000390410","5690726,904899999499321",12.341703232000043,51.32011232100007,1,5,5,5,Südwest
254036,14230724148410515660,14,7,13,000,2023,07,09,2,3,5,2,0,0,1,1,0,0,0,0,"736419,579400000162423","5691200,267699999734759",12.393295601000034,51.322885419000045,1,0,0,0,Mitte
254037,14230724148410498530,14,7,13,000,2023,07,06,2,3,5,3,0,0,1,1,0,0,0,0,"733868,971599999815226","5693196,771800000220537",12.358065343000021,51.34186120700008,1,0,0,0,Mitte
254038,14230724148110508940,14,7,13,000,2023,07,14,2,3,2,6,0,0,0,1,0,0,0,0,"734333,695899999700487","5696059,393400000408292",12.366610855000033,51.367365989000064,1,9,9,9,Nord
254039,14230724144200527290,14,7,13,000,2023,07,23,2,2,0,7,2,1,0,0,1,0,0,1,"732333,900899999774992","5692539,665999999269843",12.33563526200004,51.33659186500006,1,7,7,7,Alt-West
254054,14230723148410528640,14,7,13,000,2023,07,04,1,3,8,7,2,0,0,1,0,0,0,0,"735458,059600000269711","5694261,039599999785423",12.381543970000052,51.35075858300007,1,0,0,0,Mitte
254060,14230722148410545240,14,7,13,000,2023,07,20,7,3,6,4,2,0,1,0,1,0,0,0,"735305,382500000298023","5693452,368899999186397",12.378820907000033,51.343562923000036,1,0,0,0,Mitte
254061,14230722148320497560,14,7,13,000,2023,07,16,7,3,1,5,0,0,0,1,0,0,0,0,"730353,556400000117719","5693990,300699999555945",12.308192817000077,51.35041976900004,1,7,7,7,Alt-West
254062,14230722148110497510,14,7,13,000,2023,07,16,7,3,6,6,0,0,1,0,1,0,0,0,"731351,037800000049174","5692033,032400000840425",12.321220740000058,51.33244456700004,1,7,7,7,Alt-West
254063,14230722145200514830,14,7,13,000,2023,07,23,7,3,0,1,2,0,1,0,0,0,0,0,"737334,074300000444055","5693071,555600000545382",12.407642646000056,51.339301540000065,1,2,2,2,Ost
254077,14230721148410514870,14,7,13,000,2023,07,15,6,3,3,1,0,1,1,0,0,1,0,0,"735000,082899999804795","5692310,237900000065565",12.373691664000035,51.333436995000056,1,0,0,0,Mitte
254078,14230721148310499000,14,7,13,000,2023,07,10,6,3,2,6,0,1,0,1,0,1,0,0,"733099,145299999974668","5690608,844200000166893",12.345339075000027,51.31894641800005,1,5,5,5,Südwest
254079,14230721148310497170,14,7,13,000,2023,07,16,6,3,0,7,0,0,1,1,0,0,0,0,"730483,140999999828637","5692152,280799999833107",12.308860905000074,51.33386740900005,1,7,7,7,Alt-West
254080,14230721148110497140,14,7,13,000,2023,07,10,6,3,3,6,0,1,0,1,0,0,0,0,"734292,615199999883771","5696179,783800000324845",12.366101076000064,51.368463606000034,1,9,9,9,Nord
254081,14230721148110497130,14,7,13,000,2023,07,15,6,3,5,2,0,0,1,1,0,0,0,0,"735704,985199999995530","5695644,504799999296665",12.386000006000074,51.363074562000065,1,9,9,9,Nord
254082,14230721144200655760,14,7,13,000,2023,07,17,6,3,5,3,0,0,0,1,0,0,0,0,"740846,468000000342727","5694779,283299999311566",12.459130844000072,51.35315266600003,1,2,2,2,Ost
254083,14230721144000514780,14,7,13,000,2023,07,10,6,3,6,7,0,1,0,1,1,0,0,0,"740000,813799999654293","5693955,365399999544024",12.446453375000033,51.34611515000006,1,2,2,2,Ost
254098,14230720148400496330,14,7,13,000,2023,07,15,5,3,5,3,0,0,0,1,0,0,0,1,"737237,870900000445545","5692692,076400000602007",12.406011248000027,51.33593544800004,1,3,3,3,Südost
254099,14230720148211515280,14,7,13,000,2023,07,17,5,3,6,4,0,0,1,0,1,0,0,0,"735041,073099999688566","5691039,781400000676513",12.373441221000064,51.322015942000064,1,4,4,4,Süd
254100,14230720148120627201,14,7,13,000,2023,07,14,5,3,0,3,0,1,0,1,0,1,0,0,"734357,491899999789894","5695314,602499999105930",12.366461341000047,51.36067063000007,1,9,9,9,Nord
254114,14230719148310515320,14,7,13,000,2023,07,11,4,3,0,1,0,0,1,0,0,0,0,0,"731198,268500000238419","5689211,700500000268221",12.317202251000026,51.30717982600004,1,5,5,5,Südwest
254115,14230719148310496600,14,7,13,000,2023,07,23,4,3,0,7,2,1,1,0,0,0,0,0,"732665,154400000348687","5691164,426799999549985",12.339484541000047,51.32411133200003,1,5,5,5,Südwest
254116,14230719148211527960,14,7,13,000,2023,07,07,4,3,1,5,0,0,1,1,0,0,0,0,"734745,229100000113249","5690785,265699999406934",12.369035421000035,51.31985342300004,1,4,4,4,Süd
254117,14230719148211497161,14,7,13,000,2023,07,20,4,3,0,1,2,0,1,0,0,0,0,0,"736687,908800000324845","5686999,125299999490380",12.394353585000033,51.28506346000006,1,4,4,4,Süd
254118,14230719148110497980,14,7,13,000,2023,07,13,4,3,5,3,0,0,1,1,0,0,0,0,"739939,374699999578297","5698063,224400000646710",12.448344029000054,51.38301179800004,1,1,1,1,Nordost
254120,14230719144200509180,14,7,13,000,2023,07,12,4,2,5,2,0,0,1,0,0,0,0,1,"732153,465800000354648","5690954,597899999469519",12.332016890000034,51.32243675900003,1,5,5,5,Südwest
254123,14230719144200491190,14,7,13,000,2023,07,14,4,3,5,3,0,0,0,1,0,1,0,0,"740187,500500000081956","5691720,377499999478459",12.447622182000032,51.325975768000035,1,2,2,2,Ost
254146,14230718148310481190,14,7,13,000,2023,07,09,3,3,2,6,0,0,1,1,0,0,0,0,"732353,746199999935925","5687548,176899999380112",12.332668134000073,51.29177627300004,1,5,5,5,Südwest
254147,14230718148110481160,14,7,13,000,2023,07,08,3,3,9,7,0,0,0,1,0,0,0,0,"733902,259899999946356","5695028,145700000226498",12.359745847000056,51.35828683100004,1,9,9,9,Nord
254148,14230718144200608040,14,7,13,000,2023,07,14,3,2,5,2,0,0,1,1,0,0,0,0,"738216,518400000408292","5694629,287900000810623",12.421330796000063,51.35291466000007,1,1,1,1,Nordost
254149,14230718144200497100,14,7,13,000,2023,07,19,3,2,5,3,0,0,0,1,0,0,0,1,"728536,574799999594688","5689941,412599999457598",12.27954760700004,51.31480539700004,1,6,6,6,West
254160,14230717148110497150,14,7,13,000,2023,07,10,2,3,6,7,0,0,0,1,1,0,0,0,"738651,233599999919534","5695146,187899999320507",12.427908957000056,51.35737191800007,1,1,1,1,Nordost
254161,14230717144200491171,14,7,13,000,2023,07,07,2,3,5,3,0,0,1,1,0,0,0,0,"735172,828399999998510","5693557,410599999129772",12.376990448000072,51.344560655000066,1,0,0,0,Mitte
254172,14230716148310498500,14,7,13,000,2023,07,18,1,3,0,3,0,0,0,1,0,0,0,1,"730183,280100000090897","5689967,083799999207258",12.30315274000003,51.31437224800004,1,5,5,5,Südwest
254173,14230716148210480320,14,7,13,000,2023,07,16,1,3,4,2,0,0,0,1,0,0,0,0,"736541,145999999716878","5690278,150499999523163",12.394425486000046,51.314557774000036,1,0,0,0,Mitte
254184,14230715148410516400,14,7,13,000,2023,07,12,7,3,4,2,0,0,1,0,0,0,0,0,"734834,106900000013411","5692993,891300000250340",12.37176399200007,51.33964229400004,1,0,0,0,Mitte