OID_,UIDENTSTLAE,ULAND,UREGBEZ,UKREIS,UGEMEINDE,UJAHR,UMONAT,USTUNDE,UWOCHENTAG,UKATEGORIE,UART,UTYP1,ULICHTVERH,IstStrassenzustand,IstRad,IstPKW,IstFuss,IstKrad,IstGkfz,IstSonstige,LINREFX,LINREFY,XGCSWGS84,YGCSWGS84,PLST,index_right,FID,SBZ,Name
254185,14230715148410491290,14,7,13,000,2023,07,19,7,3,3,6,0,0,0,1,0,0,0,1,"737250,888399999588728","5692224,100999999791384",12.405886168000052,51.33172943100004,1,3,3,3,Südost
254186,14230715148310498520,14,7,13,000,2023,07,11,7,3,5,3,0,0,1,1,0,0,0,0,"729745,855999999679625","5689861,199999999254942",12.296818625000071,51.31359845700007,1,6,6,6,West
254187,14230715148310491270,14,7,13,000,2023,07,18,7,3,1,5,0,0,1,1,0,0,0,0,"731781,518600000068545","5690160,660000000149012",12.326172076000034,51.31546134000007,1,5,5,5,Südwest
254188,14230715148211491550,14,7,13,000,2023,07,23,7,3,0,1,2,1,1,0,0,0,0,0,"738045,056499999947846","5691366,670499999076128",12.416692569000077,51.32370134700005,1,3,3,3,Südost
254189,14230715148210606040,14,7,13,000,2023,07,14,7,3,1,5,0,0,0,1,0,0,0,1,"738300,628899999894202","5691186,601500000804663",12.420233463000045,51.321978072000036,1,3,3,3,Südost
254190,14230715148110491240,14,7,13,000,2023,07,23,7,2,0,1,2,1,0,0,0,0,0,1,"737841,243700000457466","5695037,134700000286102",12.416223875000071,51.356732632000046,1,1,1,1,Nordost
254191,14230715144200480290,14,7,13,000,2023,07,19,7,3,5,2,1,0,0,1,0,0,0,0,"734787,204800000414252","5692500,188799999654293",12.370766415000048,51.33522998700005,1,0,0,0,Mitte
254204,14230714148310498010,14,7,13,000,2023,07,21,6,3,0,7,2,0,1,0,0,0,0,0,"732604,656000000424683","5692213,732999999076128",12.339302628000041,51.333555388000036,1,7,7,7,Alt-West
254205,14230714148310480730,14,7,13,000,2023,07,15,6,3,2,6,0,0,0,1,0,0,0,0,"731522,813000000081956","5691624,219000000506639",12.323416646000055,51.32870481700007,1,7,7,7,Alt-West
254207,14230714148310479830,14,7,13,000,2023,07,19,6,3,4,6,0,0,1,0,0,0,0,0,"729916,962899999693036","5689893,801100000739098",12.29929063000003,51.31382202700007,1,6,6,6,West
254208,14230714148210498981,14,7,13,000,2023,07,19,6,3,1,5,0,0,0,1,0,0,0,0,"737440,112099999561906","5693003,183800000697374",12.409116666000045,51.33864356700008,1,2,2,2,Ost
254209,14230714148110481140,14,7,13,000,2023,07,18,6,3,2,6,0,0,0,1,0,0,0,0,"737754,316999999806285","5695327,797499999403954",12.415171917000066,51.35937798300006,1,1,1,1,Nordost
254210,14230714148110480090,14,7,13,000,2023,07,04,6,3,1,1,1,0,0,1,0,0,0,1,"734831,304899999871850","5696053,473300000652671",12.373742669000023,51.36710737100003,1,9,9,9,Nord
254224,14230713148410527980,14,7,13,000,2023,07,10,5,3,5,3,0,0,1,1,0,0,0,0,"737406,507000000216067","5693749,980000000447035",12.40913292700003,51.34536087300006,1,2,2,2,Ost
254225,14230713148310491260,14,7,13,000,2023,07,16,5,3,1,5,0,0,1,1,0,0,0,0,"732342,901700000278652","5690688,803500000387430",12.334557652000058,51.31997346300005,1,5,5,5,Südwest
254226,14230713148110497520,14,7,13,000,2023,07,16,5,3,1,5,0,0,1,1,0,0,0,0,"731870,589100000448525","5697302,759199999272823",12.332099666000033,51.37953802000004,1,8,8,8,Nordwest
254228,14230713144200479760,14,7,13,000,2023,07,11,5,3,6,4,0,0,0,1,1,0,0,0,"737950,674100000411272","5693729,557199999690056",12.416918560000056,51.34495007100003,1,2,2,2,Ost
254229,14230713144200471630,14,7,13,000,2023,07,15,5,3,2,6,0,0,0,1,0,0,0,0,"739728,520600000396371","5692619,166600000113249",12.441651414000034,51.33423666300007,1,2,2,2,Ost
254240,14230712148410471100,14,7,13,000,2023,07,08,4,3,5,3,0,0,1,1,0,0,0,0,"734810,254300000146031","5692557,734099999070168",12.371134643000062,51.335737022000046,1,0,0,0,Mitte
254241,14230712148310480110,14,7,13,000,2023,07,17,4,3,4,2,0,0,1,1,0,0,0,0,"727899,752100000157952","5693216,455700000748038",12.27251949500004,51.34446187100008,1,7,7,7,Alt-West
254242,14230712148110479810,14,7,13,000,2023,07,07,4,3,5,3,0,0,0,1,0,1,0,0,"730705,684899999760091","5697296,586899999529123",12.315385564000053,51.379957097000045,1,8,8,8,Nordwest
254243,14230712145400479800,14,7,13,000,2023,07,10,4,3,5,3,0,0,1,1,0,0,0,0,"736338,716699999757111","5692761,474999999627471",12.393172530000072,51.33693274400008,1,0,0,0,Mitte
254257,14230711148415479860,14,7,13,000,2023,07,12,3,3,0,1,0,0,0,0,0,0,0,1,"736140,390499999746680","5691627,737299999222159",12.38957914200006,51.326838430000066,1,0,0,0,Mitte
254258,14230711148410460160,14,7,13,000,2023,07,17,3,3,5,2,0,0,1,1,0,0,0,0,"737373,044300000183284","5693159,014699999243021",12.408259402000056,51.34007031200008,1,2,2,2,Ost
254259,14230711148310460140,14,7,13,000,2023,07,13,3,3,5,3,0,0,0,1,0,0,0,1,"730263,826899999752641","5691361,620400000363588",12.30520712200007,51.32685847100004,1,6,6,6,West
254260,14230711145400498480,14,7,13,000,2023,07,18,3,3,5,3,0,0,0,1,0,0,0,1,"735762,446999999694526","5693470,978000000119209",12.385384066000029,51.34354062300008,1,0,0,0,Mitte
254261,14230711144200515630,14,7,13,000,2023,07,20,3,3,1,1,0,0,1,1,0,0,0,0,"736683,503600000403821","5693866,328700000420213",12.398847660000058,51.34670668200005,1,2,2,2,Ost
254262,14230711144200498960,14,7,13,000,2023,07,08,3,2,1,5,0,0,1,1,0,0,0,0,"735381,478299999609590","5699230,235099999234080",12.383736474000045,51.39539502400004,1,9,9,9,Nord
254264,14230716148210480310,14,7,13,000,2023,07,19,1,3,1,7,0,0,1,1,0,0,0,0,"735839,756000000052154","5688947,175000000745058",12.383499492000055,51.30290156500007,1,4,4,4,Süd
254275,14230710148410459920,14,7,13,000,2023,07,10,2,3,5,6,0,0,1,0,0,0,0,0,"734718,379900000058115","5693029,822599999606609",12.370129142000053,51.34001260700006,1,0,0,0,Mitte
254276,14230710148310515310,14,7,13,000,2023,07,16,2,3,3,2,0,0,1,1,0,0,0,0,"732699,065200000070035","5692081,106000000610948",12.340568889000053,51.33232621900004,1,5,5,5,Südwest
254278,14230710144200470970,14,7,13,000,2023,07,08,2,2,8,1,0,0,0,1,0,0,0,0,"736739,288700000382960","5688624,538899999111891",12.396166471000072,51.29963222400005,1,4,4,4,Süd
254279,14230710144200470950,14,7,13,000,2023,07,19,2,3,2,6,0,0,0,1,0,0,0,0,"735037,897699999623001","5691502,423699999228120",12.373700755000073,51.32617011600007,1,0,0,0,Mitte
254306,14230708148210480340,14,7,13,000,2023,07,15,7,3,5,2,0,0,1,0,0,0,0,1,"736724,023799999617040","5689062,536000000312924",12.39623836900006,51.30357013100007,1,4,4,4,Süd
254307,14230708148210471650,14,7,13,000,2023,07,09,7,3,5,3,0,0,1,1,0,0,0,0,"738860,821100000292063","5689688,943499999120831",12.427255305000074,51.30830035000008,1,3,3,3,Südost
254330,14230707144200551540,14,7,13,000,2023,07,09,6,3,5,3,0,0,1,1,0,0,0,0,"729935,925300000235438","5693200,703600000590086",12.301695798000026,51.34350063100004,1,7,7,7,Alt-West
254332,14230707144200480710,14,7,13,000,2023,07,07,6,3,5,3,0,0,0,1,0,0,0,1,"735901,171299999579787","5694569,402599999681115",12.388100189000056,51.35334279800003,1,9,9,9,Nord
254333,14230707144200480700,14,7,13,000,2023,07,17,6,3,0,3,0,0,1,0,0,0,0,0,"736990,309100000187755","5693766,125399999320507",12.403178444000048,51.34567943600007,1,2,2,2,Ost
254353,14230706148310459900,14,7,13,000,2023,07,13,5,3,2,6,0,0,1,0,0,0,1,0,"732038,167299999855459","5690709,484799999743700",12.330205534000072,51.32028345800006,1,5,5,5,Südwest
254354,14230706148310459440,14,7,13,000,2023,07,13,5,3,0,1,0,0,1,0,0,0,0,0,"732641,338299999944866","5692647,662699999287724",12.340111648000061,51.337435638000045,1,7,7,7,Alt-West
254355,14230709148310459910,14,7,13,000,2023,07,16,1,3,0,1,0,0,1,0,0,0,0,0,"732576,035600000061095","5692084,857999999076128",12.338808376000031,51.33241021900005,1,7,7,7,Alt-West
254356,14230706148213458600,14,7,13,000,2023,07,15,5,2,0,1,0,0,1,0,0,0,0,0,"739946,524100000038743","5693284,318499999120831",12.445223127000077,51.34011494900005,1,2,2,2,Ost
254357,14230706148210480330,14,7,13,000,2023,07,07,5,3,4,2,0,0,0,1,0,1,0,0,"740263,412899999879301","5693902,255499999970198",12.450181169000075,51.345527540000035,1,2,2,2,Ost
254358,14230706144200491200,14,7,13,000,2023,07,11,5,3,3,2,0,0,1,1,0,0,0,0,"735097,519100000150502","5693971,798599999397993",12.37618468100004,51.34831149000007,1,0,0,0,Mitte
254359,14230706144200454730,14,7,13,000,2023,07,15,5,3,1,2,0,0,1,1,0,0,0,0,"735564,499599999748170","5692151,103199999779463",12.38167416500005,51.33177507600004,1,0,0,0,Mitte
254391,14230705148310491280,14,7,13,000,2023,07,17,4,3,4,2,0,0,1,1,0,0,0,0,"732401,750000000000000","5690886,052999999374151",12.335529267000027,51.32172009300007,1,5,5,5,Südwest
254392,14230705148310459430,14,7,13,000,2023,07,17,4,3,5,2,0,0,1,1,0,0,0,0,"730182,284500000067055","5689968,027699999511242",12.303139088000023,51.31438112400008,1,5,5,5,Südwest
254393,14230705148120454410,14,7,13,000,2023,07,16,4,3,9,1,0,0,0,1,0,0,0,0,"726834,567999999970198","5697667,055999999865890",12.260089255000025,51.384842598000034,1,8,8,8,Nordwest
254394,14230705143263454710,14,7,13,000,2023,07,21,4,3,3,6,2,0,1,1,0,0,0,0,"737345,305999999865890","5690233,130799999460578",12.405913584000075,51.31381890200004,1,3,3,3,Südost
254403,14230704148410453770,14,7,13,000,2023,07,09,3,3,1,6,0,0,1,1,0,0,0,0,"734992,076100000180304","5693919,032199999317527",12.374638427000036,51.34788143700007,1,0,0,0,Mitte
254404,14230704148110453680,14,7,13,000,2023,07,07,3,3,3,2,0,0,1,1,0,0,0,0,"733680,369900000281632","5697367,378299999982119",12.358101849000036,51.379376197000056,1,9,9,9,Nord
254407,14230704144200566730,14,7,13,000,2023,07,07,3,3,5,2,0,0,1,1,0,0,0,0,"742291,797500000335276","5694031,343499999493361",12.479339181000057,51.34582536900007,1,2,2,2,Ost
254409,14230704144200458950,14,7,13,000,2023,07,19,3,3,5,3,0,0,1,1,0,0,0,0,"735964,928700000047684","5688506,654500000178814",12.385000737000041,51.29889544900004,1,4,4,4,Süd
254418,14230703148410459030,14,7,13,000,2023,07,07,2,3,5,3,0,0,1,1,0,0,0,0,"736976,319799999706447","5693017,876800000667572",12.402480025000045,51.33896891100005,1,2,2,2,Ost
254419,14230703148310479840,14,7,13,000,2023,07,10,2,3,5,3,0,0,0,1,0,1,0,0,"729913,277499999850988","5693411,400100000202656",12.301507220000076,51.34540121900005,1,7,7,7,Alt-West
254420,14230703148310453710,14,7,13,000,2023,07,10,2,3,6,1,0,0,1,0,1,0,0,0,"728003,514600000344217","5690556,852600000798702",12.272304974000065,51.32054420700007,1,6,6,6,West
254421,14230703148310453120,14,7,13,000,2023,07,16,2,3,5,2,0,0,1,1,0,0,0,0,"732549,144000000320375","5691994,773299999535084",12.338364238000054,51.331612549000056,1,5,5,5,Südwest
254422,14230703148211498000,14,7,13,000,2023,07,08,2,3,3,2,0,0,0,1,0,0,0,1,"735471,009600000455976","5691979,342100000008941",12.380221069000072,51.330272001000026,1,0,0,0,Mitte
254423,14230703148210459410,14,7,13,000,2023,07,17,2,3,6,4,0,0,1,0,1,0,0,0,"735076,318900000303984","5690257,869200000539422",12.373430707000068,51.314982619000034,1,4,4,4,Süd
254445,14230702144200452390,14,7,13,000,2023,07,15,1,3,3,6,0,0,0,1,0,0,0,0,"737839,198099999688566","5693800,828900000080466",12.415368451000063,51.34563644900004,1,2,2,2,Ost
254448,14230802148410585490,14,7,13,000,2023,08,06,4,3,5,3,0,0,0,1,0,0,0,0,"735761,971499999985099","5692889,988800000399351",12.384992649000026,51.338325706000035,1,0,0,0,Mitte
254460,14230701148310454440,14,7,13,000,2023,07,21,7,2,0,1,2,1,1,0,0,0,0,0,"732576,433699999935925","5692086,258799999952316",12.338814995000064,51.33242263000005,1,7,7,7,Alt-West
254461,14230701148310452060,14,7,13,000,2023,07,23,7,3,0,1,2,1,0,0,0,0,0,1,"730570,107900000177324","5693841,943299999460578",12.311201122000057,51.34900017600006,1,7,7,7,Alt-West
254462,14230701148210454430,14,7,13,000,2023,07,16,7,3,1,5,0,0,1,1,0,0,0,0,"738819,462500000372529","5691888,579900000244379",12.428136068000072,51.32806143600004,1,2,2,2,Ost
254463,14230701144200452401,14,7,13,000,2023,07,22,7,3,8,1,2,1,0,0,0,1,0,0,"733337,438900000415742","5695809,229399999603629",12.352160114000071,51.365530464000074,1,8,8,8,Nordwest
254467,14230712145400491230,14,7,13,000,2023,07,14,4,2,0,7,0,0,1,0,0,0,0,0,"734841,844299999997020","5692992,482000000774860",12.371873951000055,51.33962644800005,1,0,0,0,Mitte
254475,14230630148410515330,14,7,13,000,2023,06,16,6,3,5,2,0,0,1,1,0,0,0,0,"737185,785500000230968","5693907,347400000318885",12.40607423800003,51.34686553700004,1,2,2,2,Ost
254476,14230630148410498020,14,7,13,000,2023,06,16,6,3,5,3,0,1,1,1,0,0,0,0,"737418,390499999746680","5692087,663200000301003",12.408195300000045,51.330434868000054,1,3,3,3,Südost
254477,14230630148410451700,14,7,13,000,2023,06,07,6,3,5,2,0,0,1,1,0,0,0,0,"733440,503499999642372","5693374,501099999994040",12.352040900000077,51.34363267600003,1,0,0,0,Mitte
254478,14230630148320459000,14,7,13,000,2023,06,15,6,3,6,4,0,0,0,1,1,0,0,0,"734846,342299999669194","5691805,675200000405312",12.371156120000023,51.32897133300003,1,0,0,0,Mitte
254479,14230630148110454400,14,7,13,000,2023,06,07,6,3,0,7,0,0,1,0,0,0,0,0,"738041,843299999833107","5695023,390200000256300",12.419090479000033,51.35652527500008,1,1,1,1,Nordost
254480,14230630144200451580,14,7,13,000,2023,06,06,6,2,5,3,0,0,1,0,0,0,0,1,"730748,553000000305474","5685497,162000000476837",12.308361601000058,51.27401672800005,1,5,5,5,Südwest
254481,14230713148410471680,14,7,13,000,2023,07,09,5,3,3,6,0,0,1,1,0,0,0,1,"735936,806900000199676","5692138,726900000125170",12.387000655000065,51.33150967600005,1,0,0,0,Mitte
254500,14230629148421434390,14,7,13,000,2023,06,14,5,3,5,2,0,0,1,1,0,0,0,0,"734999,202800000086427","5692263,688400000333786",12.373648352000032,51.33301951300007,1,0,0,0,Mitte
254501,14230629148410434380,14,7,13,000,2023,06,07,5,3,2,2,0,0,0,1,0,0,0,0,"735263,223699999973178","5695213,978499999269843",12.379381055000067,51.359393123000075,1,0,0,0,Mitte
254502,14230629148310451650,14,7,13,000,2023,06,14,5,3,3,2,0,0,1,1,0,0,0,0,"731174,680999999865890","5691913,366200000047684",12.318615928000042,51.33144204100006,1,7,7,7,Alt-West
254503,14230629148110451620,14,7,13,000,2023,06,10,5,3,2,6,0,0,0,1,0,0,0,0,"734042,152800000272691","5696731,263499999418855",12.362872356000025,51.37351716900008,1,9,9,9,Nord
254504,14230629144200544680,14,7,13,000,2023,06,15,5,3,1,5,0,0,1,1,0,0,0,0,"734173,284699999727309","5696454,195000000298023",12.364570551000043,51.37097603800004,1,9,9,9,Nord
254505,14230629144200453060,14,7,13,000,2023,06,10,5,2,2,6,0,1,0,1,0,1,0,0,"739857,802199999801815","5694689,485099999234080",12.44489833800003,51.352764739000065,1,2,2,2,Ost
254507,14230802148410565610,14,7,13,000,2023,08,12,4,3,5,3,0,0,1,1,0,0,0,0,"736767,281200000084937","5693043,911399999633431",12.399501652000026,51.33928967400004,1,2,2,2,Ost
254520,14230711144200470990,14,7,13,000,2023,07,15,3,2,5,3,0,0,0,1,0,0,0,1,"736878,178799999877810","5695948,862999999895692",12.403024279000022,51.36531860600007,1,1,1,1,Nordost
254523,14230628148422453790,14,7,13,000,2023,06,17,4,3,5,3,0,0,1,0,0,0,0,0,"735736,150100000202656","5695358,838700000196695",12.386257552000075,51.36049742900008,1,9,9,9,Nord
254524,14230628148410452080,14,7,13,000,2023,06,15,4,3,6,7,0,0,0,1,1,0,0,0,"737031,301199999637902","5694043,764000000432134",12.403950817000066,51.34815445500004,1,2,2,2,Ost
254525,14230628148410433660,14,7,13,000,2023,06,10,4,3,2,2,0,0,0,1,0,0,0,0,"734794,795300000347197","5692479,084400000050664",12.370861279000053,51.33503741200008,1,0,0,0,Mitte
254527,14230628148110451610,14,7,13,000,2023,06,13,4,3,3,6,0,0,1,1,0,0,0,0,"731783,844600000418723","5696491,135999999940395",12.330326083000045,51.372287724000046,1,8,8,8,Nordwest
254528,14230628148110433590,14,7,13,000,2023,06,06,4,3,5,3,0,0,1,1,0,0,0,0,"735837,827600000426173","5694974,755100000649691",12.387460771000065,51.35700762000005,1,9,9,9,Nord
254529,14230628144200453640,14,7,13,000,2023,06,14,4,2,6,1,0,0,0,1,1,0,0,0,"731859,188599999994040","5690150,819800000637770",12.32727826300004,51.315341370000056,1,5,5,5,Südwest
254530,14230628144200434340,14,7,13,000,2023,06,09,4,2,4,2,0,0,0,1,0,1,0,0,"731963,200199999846518","5690978,595499999821186",12.329306640000027,51.32272977900004,1,5,5,5,Südwest
254531,14230628144200433580,14,7,13,000,2023,06,08,4,3,3,6,0,0,1,0,0,0,1,0,"735245,866100000217557","5695209,378000000491738",12.37912915000004,51.35935901400006,1,0,0,0,Mitte
254543,14230703148410453140,14,7,13,000,2023,07,07,2,3,1,1,0,0,0,1,0,0,0,0,"734978,923700000159442","5694064,062899999320507",12.374545632000036,51.349188721000075,1,0,0,0,Mitte
254552,14230627148410433640,14,7,13,000,2023,06,15,3,3,0,1,0,0,1,0,0,0,0,0,"734044,694899999536574","5693039,369799999520183",12.360480412000072,51.340375986000026,1,0,0,0,Mitte
254553,14230627148210453110,14,7,13,000,2023,06,19,3,3,0,1,1,1,0,0,0,1,0,0,"735093,019799999892712","5689777,069099999964237",12.373353061000046,51.310659857000076,1,4,4,4,Süd
254555,14230627144200453070,14,7,13,000,2023,06,07,3,3,3,6,0,0,1,1,0,0,0,0,"739862,622600000351667","5692312,012800000607967",12.443366145000027,51.33142319500007,1,2,2,2,Ost
254556,14230627144200434330,14,7,13,000,2023,06,09,3,2,2,6,0,0,0,1,0,0,0,0,"735342,737999999895692","5690884,986600000411272",12.377660641000034,51.320501758000034,1,4,4,4,Süd
254559,14230627144200434310,14,7,13,000,2023,06,20,3,2,6,7,1,1,0,1,1,0,0,1,"736372,376500000245869","5688677,945000000298023",12.390948159000061,51.30026402800007,1,4,4,4,Süd
254560,14230627144100434280,14,7,13,000,2023,06,18,3,3,2,6,0,1,0,1,0,0,0,1,"734196,699000000022352","5692903,163300000131130",12.362569335000046,51.33909074800005,1,0,0,0,Mitte
254572,14230704148310471080,14,7,13,000,2023,07,17,3,3,5,2,0,0,1,0,0,0,0,1,"734187,779000000096858","5692883,635800000280142",12.362428660000035,51.33891913300005,1,0,0,0,Mitte
254578,14230626148415452470,14,7,13,000,2023,06,18,2,3,5,3,0,0,1,1,0,0,0,0,"733447,500500000081956","5693997,640599999576807",12.352549775000057,51.349223454000025,1,0,0,0,Mitte
254579,14230626148310420370,14,7,13,000,2023,06,09,2,3,2,6,0,0,1,1,0,0,0,0,"734749,585400000214577","5693859,470300000160933",12.371123304000037,51.34744697200006,1,0,0,0,Mitte
254580,14230626144200498950,14,7,13,000,2023,06,17,2,2,0,3,0,0,0,1,0,1,0,0,"733186,134999999776483","5691955,334300000220537",12.347466036000071,51.33099774100003,1,5,5,5,Südwest
254581,14230626144200420340,14,7,13,000,2023,06,08,2,3,6,4,0,0,0,1,1,0,0,0,"731979,691100000403821","5696392,773900000378489",12.33307075700003,51.37132480200006,1,8,8,8,Nordwest
254594,14230703144200627541,14,7,13,000,2023,07,09,2,2,5,7,0,0,1,0,0,0,0,0,"735289,495799999684095","5694099,531799999997020",12.379020897000032,51.349378638000076,1,0,0,0,Mitte
254601,14230625148410491580,14,7,13,000,2023,06,15,1,3,5,3,0,0,1,0,0,0,0,1,"735288,293499999679625","5693684,197000000625849",12.378729169000053,51.34565095900007,1,0,0,0,Mitte
254602,14230625148310419840,14,7,13,000,2023,06,21,1,3,1,5,0,0,1,1,0,0,0,0,"731935,487700000405312","5693142,397199999541044",12.330318086000034,51.34216507300005,1,7,7,7,Alt-West
254603,14230625144200560281,14,7,13,000,2023,06,19,1,3,1,1,0,0,0,1,0,0,0,1,"736789,129599999636412","5687264,877199999988079",12.395978596000077,51.287406858000054,1,4,4,4,Süd
254616,14230624148310419540,14,7,13,000,2023,06,13,7,3,1,7,0,0,0,1,0,0,0,0,"727675,156000000424683","5690401,942999999970198",12.267501692000053,51.31928500300006,1,6,6,6,West
254617,14230624148110419480,14,7,13,000,2023,06,00,7,3,5,3,2,0,1,1,0,0,0,0,"740595,139999999664724","5700202,187000000849366",12.459199327000022,51.40193256400005,1,1,1,1,Nordost
254618,14230624144200419460,14,7,13,000,2023,06,13,7,3,5,3,0,0,0,1,0,0,0,1,"734477,521599999628961","5693079,900800000876188",12.366710237000063,51.340561499000046,1,0,0,0,Mitte
254627,14230623148410453130,14,7,13,000,2023,06,01,6,3,7,7,2,1,1,0,0,0,0,0,"735072,093799999915063","5690415,327500000596046",12.373473967000052,51.31639777500004,1,4,4,4,Süd
254628,14230623148410433630,14,7,13,000,2023,06,20,6,3,0,1,1,1,0,0,0,1,0,0,"735020,471900000236928","5695109,322300000116229",12.37583147500004,51.358554146000074,1,0,0,0,Mitte
254630,14230623144200420330,14,7,13,000,2023,06,14,6,3,5,2,0,1,0,1,0,0,0,1,"735443,955299999564886","5693208,432700000703335",12.380645721000064,51.34131591200003,1,0,0,0,Mitte
254632,14230623144200419180,14,7,13,000,2023,06,15,6,3,0,1,0,1,1,0,0,0,0,0,"735235,393099999986589","5689609,671800000593066",12.375281805000043,51.30909841400006,1,4,4,4,Süd
254633,14230623144200419170,14,7,13,000,2023,06,16,6,3,0,1,0,1,1,0,0,0,0,0,"735414,923399999737740","5689747,792099999263883",12.377944132000039,51.31026402100008,1,4,4,4,Süd
254647,14230622148410545220,14,7,13,000,2023,06,11,5,3,6,4,0,0,1,0,1,0,0,0,"735001,792799999937415","5692238,897800000384450",12.373669114000052,51.33279591300004,1,0,0,0,Mitte
254648,14230622148410411600,14,7,13,000,2023,06,15,5,3,5,2,0,0,1,1,0,0,0,0,"736338,551699999719858","5692059,006200000643730",12.392704202000061,51.33062730800003,1,0,0,0,Mitte
254649,14230622148310452460,14,7,13,000,2023,06,10,5,2,1,5,0,0,1,1,0,0,0,0,"732943,303000000305474","5690061,453099999576807",12.342749049000076,51.31409646900005,1,5,5,5,Südwest
254650,14230622148310452450,14,7,13,000,2023,06,07,5,3,5,2,0,0,0,1,0,0,0,1,"730840,600999999791384","5686049,951999999582767",12.310035958000071,51.27894188300007,1,5,5,5,Südwest
254651,14230622148310433610,14,7,13,000,2023,06,08,5,3,5,2,0,0,0,1,0,0,0,0,"730748,553000000305474","5685497,162000000476837",12.308361601000058,51.27401672800005,1,5,5,5,Südwest
254652,14230622148110451070,14,7,13,000,2023,06,17,5,3,0,5,0,0,1,1,0,0,0,0,"739185,684100000187755","5695337,190199999138713",12.435699228000033,51.35886162500003,1,1,1,1,Nordost
254653,14230622148110419490,14,7,13,000,2023,06,16,5,3,5,2,0,1,1,1,0,0,0,0,"735640,311800000257790","5696704,067399999126792",12.385774819000062,51.37261225800006,1,9,9,9,Nord
254654,14230622144200411610,14,7,13,000,2023,06,00,5,3,3,6,2,0,1,1,0,0,0,0,"733523,088999999687076","5692218,278599999845028",12.352466567000022,51.33321985100008,1,0,0,0,Mitte
254655,14230622144100459860,14,7,13,000,2023,06,12,5,2,0,1,0,0,1,0,0,0,0,0,"735459,829199999570847","5693291,269500000402331",12.380927990000032,51.34205290700004,1,0,0,0,Mitte
254669,14230621148410410990,14,7,13,000,2023,06,07,4,3,0,7,0,1,1,0,0,0,0,0,"735038,450699999928474","5691417,375499999150634",12.373652599000025,51.32540646100006,1,0,0,0,Mitte
254670,14230621148222410960,14,7,13,000,2023,06,14,4,3,3,5,0,0,1,1,0,0,0,0,"735528,080400000326335","5689500,688200000673532",12.379401662000078,51.307999117000065,1,4,4,4,Süd
254671,14230621144200420380,14,7,13,000,2023,06,16,4,3,5,2,0,0,1,1,0,0,0,0,"734643,398500000126660","5693490,739299999549985",12.36935823500005,51.34418093100004,1,0,0,0,Mitte
254672,14230621144200411511,14,7,13,000,2023,06,12,4,3,4,1,0,0,0,1,0,0,0,1,"738371,026600000448525","5690899,904999999329448",12.421050258000037,51.31937520900004,1,3,3,3,Südost
254683,14230623148410419220,14,7,13,000,2023,06,17,6,3,4,7,0,1,1,1,0,0,0,0,"734972,183699999935925","5694505,539100000634789",12.374740460000055,51.35315435100006,1,0,0,0,Mitte
254687,14230707148210458590,14,7,13,000,2023,07,12,6,3,6,4,0,0,0,1,1,0,0,0,"736637,989900000393391","5688136,439200000837445",12.39439251500005,51.295293024000046,1,4,4,4,Süd
254696,14230620148210419190,14,7,13,000,2023,06,15,3,3,5,3,0,0,1,1,0,0,0,0,"735963,926799999549985","5688506,410900000482798",12.384986230000038,51.29889367700008,1,4,4,4,Süd
254697,14230620148210411550,14,7,13,000,2023,06,06,3,3,3,6,0,0,0,1,0,0,0,1,"739697,962000000290573","5692216,786000000312924",12.44094287200005,51.33063787200007,1,2,2,2,Ost
254698,14230620148210400210,14,7,13,000,2023,06,07,3,3,5,3,0,0,1,1,0,0,0,0,"730161,023500000126660","5694135,948499999940395",12.305526906000068,51.351805238000054,1,7,7,7,Alt-West
254700,14230620144200433570,14,7,13,000,2023,06,17,3,2,1,5,0,0,0,1,0,0,0,1,"734902,083100000396371","5693005,852099999785423",12.37274607300003,51.33972158300003,1,0,0,0,Mitte
254701,14230707148110471060,14,7,13,000,2023,07,08,6,3,1,5,0,0,1,1,0,0,0,0,"740065,383799999952316","5698478,286199999973178",12.450431951000041,51.38668395900004,1,1,1,1,Nordost
254715,14230628148310433620,14,7,13,000,2023,06,22,4,2,5,3,2,0,1,1,0,0,0,0,"730583,531299999915063","5691541,099099999293685",12.309904059000075,51.32834015700007,1,7,7,7,Alt-West
254720,14230619148410453150,14,7,13,000,2023,06,18,2,3,2,2,0,0,0,1,0,0,0,0,"736467,582399999722838","5692215,790300000458956",12.394657024000026,51.33198100900006,1,0,0,0,Mitte
254722,14230619148110400200,14,7,13,000,2023,06,08,2,3,5,2,2,0,0,1,0,0,0,1,"738812,512000000104308","5696081,026000000536442",12.430848635000075,51.36569510000004,1,1,1,1,Nordost
254723,14230619144200400090,14,7,13,000,2023,06,16,2,3,3,6,0,0,1,1,0,0,0,0,"734817,433000000193715","5692208,230000000447035",12.371007167000073,51.33259676600005,1,0,0,0,Mitte