OID_,UIDENTSTLAE,ULAND,UREGBEZ,UKREIS,UGEMEINDE,UJAHR,UMONAT,USTUNDE,UWOCHENTAG,UKATEGORIE,UART,UTYP1,ULICHTVERH,IstStrassenzustand,IstRad,IstPKW,IstFuss,IstKrad,IstGkfz,IstSonstige,LINREFX,LINREFY,XGCSWGS84,YGCSWGS84,PLST,index_right,FID,SBZ,Name
254733,14230618148310399780,14,7,13,000,2023,06,09,1,3,0,7,0,0,1,0,0,0,0,0,"730748,553000000305474","5685497,162000000476837",12.308361601000058,51.27401672800005,1,5,5,5,Südwest
254735,14230618148120410910,14,7,13,000,2023,06,19,1,3,1,1,0,0,0,1,0,0,0,0,"736268,887199999764562","5696238,167099999263883",12.394479840000031,51.368169152000064,1,9,9,9,Nord
254736,14230618145400509190,14,7,13,000,2023,06,21,1,3,5,3,1,0,1,0,0,0,0,1,"735545,448499999940395","5697393,452700000256300",12.384871192000048,51.378839679000066,1,9,9,9,Nord
254737,14230702148310453720,14,7,13,000,2023,07,17,1,3,7,1,0,0,1,0,0,0,0,0,"730607,439799999818206","5690705,581100000068545",12.309706134000066,51.32083003500003,1,5,5,5,Südwest
254738,14230618144200452010,14,7,13,000,2023,06,10,1,3,0,1,0,0,0,0,0,1,0,0,"734510,322800000198185","5691447,090800000354648",12.366105660000073,51.325891134000074,1,0,0,0,Mitte
254739,14230618144200399690,14,7,13,000,2023,06,20,1,3,0,7,1,0,1,0,0,0,0,0,"734088,637099999934435","5696245,799900000914931",12.363219392000076,51.36914028600006,1,9,9,9,Nord
254747,14230617148410459020,14,7,13,000,2023,06,22,7,3,6,4,2,0,0,0,1,1,0,0,"735561,918800000101328","5692941,123900000005960",12.38215955000004,51.33886761200006,1,0,0,0,Mitte
254748,14230617148310458610,14,7,13,000,2023,06,11,7,3,5,2,0,0,0,1,0,1,0,0,"728537,030000000260770","5689940,007999999448657",12.279553228000054,51.31479260500004,1,6,6,6,West
254752,14230620148410451710,14,7,13,000,2023,06,23,3,3,0,7,1,0,1,0,0,0,0,0,"735757,473199999891222","5693470,560699999332428",12.385312504000069,51.34353894000003,1,0,0,0,Mitte
254764,14230629148400480890,14,7,13,000,2023,06,17,5,3,0,7,0,0,1,0,0,0,0,0,"735315,430399999953806","5693448,833100000396371",12.378962582000042,51.34352702600006,1,0,0,0,Mitte
254766,14230616148210398520,14,7,13,000,2023,06,21,6,3,1,5,2,0,1,1,0,0,0,0,"735053,897800000384450","5690635,234500000253320",12.373358266000025,51.31837926600008,1,4,4,4,Süd
254767,14230616144200552100,14,7,13,000,2023,06,18,6,3,5,2,0,0,1,1,0,0,0,0,"737136,654400000348687","5694428,070699999108911",12.405716917000063,51.35156007900008,1,1,1,1,Nordost
254768,14230616144200434360,14,7,13,000,2023,06,09,6,3,5,3,0,0,1,1,0,0,0,0,"742273,246000000275671","5694563,003799999132752",12.479435117000037,51.350605124000026,1,2,2,2,Ost
254769,14230616144200398500,14,7,13,000,2023,06,23,6,3,6,4,2,0,1,0,1,0,0,0,"732612,775799999944866","5692302,830199999734759",12.339477154000065,51.33435186600008,1,7,7,7,Alt-West
254772,14230616143263399670,14,7,13,000,2023,06,14,6,3,3,5,0,0,1,1,0,0,0,0,"736901,369199999608099","5693190,695399999618530",12.401520875000074,51.34055138000008,1,2,2,2,Ost
254787,14230615148421398550,14,7,13,000,2023,06,13,5,3,6,4,0,0,0,0,1,0,0,1,"736862,325199999846518","5692705,194299999624491",12.40063848400007,51.33620972600005,1,3,3,3,Südost
254788,14230615148410433650,14,7,13,000,2023,06,08,5,3,5,3,0,0,0,1,0,0,0,1,"736063,123900000005960","5693599,571799999102950",12.389778719000049,51.34457015300006,1,0,0,0,Mitte
254789,14230615148410411000,14,7,13,000,2023,06,16,5,3,6,4,0,0,0,0,1,0,1,0,"737020,692099999636412","5692993,107100000604987",12.403099428000075,51.338728083000035,1,2,2,2,Ost
254790,14230615148410400240,14,7,13,000,2023,06,15,5,3,3,6,0,0,1,0,0,0,0,0,"735102,630400000140071","5694947,052500000223517",12.376902175000055,51.35706357600003,1,0,0,0,Mitte
254791,14230615148410398850,14,7,13,000,2023,06,07,5,3,2,6,0,0,0,1,0,1,0,0,"736001,040000000037253","5693707,234999999403954",12.38896025200006,51.34556233600006,1,0,0,0,Mitte
254792,14230615148310451670,14,7,13,000,2023,06,19,5,3,0,1,0,0,1,0,0,0,0,0,"733133,324300000444055","5691724,354199999943376",12.346558204000075,51.32894596300008,1,5,5,5,Südwest
254794,14230615148310398530,14,7,13,000,2023,06,17,5,3,6,4,0,0,1,0,1,0,0,0,"732265,067200000397861","5691211,044099999591708",12.333782835000022,51.32469327200005,1,5,5,5,Südwest
254795,14230615148210419830,14,7,13,000,2023,06,16,5,3,5,3,0,0,0,0,0,1,0,1,"741231,463200000114739","5692650,852900000289083",12.46320761000004,51.33388562200008,1,2,2,2,Ost
254796,14230615148210419820,14,7,13,000,2023,06,12,5,3,0,1,0,0,1,0,0,0,0,0,"735336,248100000433624","5689540,853800000622869",12.376680839000073,51.30843899200005,1,4,4,4,Süd
254799,14230615144200399130,14,7,13,000,2023,06,15,5,3,2,6,0,0,0,0,0,0,0,1,"735109,418899999931455","5694920,831199999898672",12.376982174000034,51.35682539700008,1,0,0,0,Mitte
254800,14230615144200398480,14,7,13,000,2023,06,11,5,2,1,5,0,0,1,1,0,0,0,0,"731547,130900000222027","5698653,946499999612570",12.328340577000063,51.39179924600006,1,8,8,8,Nordwest
254801,14230615144200398470,14,7,13,000,2023,06,07,5,3,1,5,0,0,1,0,0,0,0,1,"737166,392900000326335","5694971,553899999707937",12.406505393000032,51.35642600500006,1,1,1,1,Nordost
254802,14230615144200398460,14,7,13,000,2023,06,16,5,3,5,2,0,0,1,0,0,0,0,1,"734784,719600000418723","5692740,487900000065565",12.37088917400007,51.33738803600005,1,0,0,0,Mitte
254814,14230614148310398830,14,7,13,000,2023,06,17,4,3,0,1,0,0,1,0,0,0,0,0,"732608,800999999977648","5692288,970000000670552",12.339411145000042,51.334229073000074,1,7,7,7,Alt-West
254815,14230614148221399770,14,7,13,000,2023,06,16,4,3,3,5,0,0,1,1,0,0,0,0,"734937,118700000457466","5692869,580900000408292",12.373158297000032,51.33848388600006,1,0,0,0,Mitte
254816,14230614148210399760,14,7,13,000,2023,06,16,4,3,5,2,0,0,0,1,0,1,0,0,"738402,970999999903142","5691236,936000000685453",12.421733184000061,51.322387003000074,1,3,3,3,Südost
254817,14230614148210389970,14,7,13,000,2023,06,07,4,3,5,3,0,0,1,1,0,0,0,0,"736003,757399999536574","5693216,744599999859929",12.388674129000037,51.34115845400004,1,0,0,0,Mitte
254818,14230614144200389860,14,7,13,000,2023,06,14,4,3,5,3,0,0,1,1,0,0,0,0,"742908,655100000090897","5685714,135500000789762",12.482517818000076,51.270912096000075,1,3,3,3,Südost
254819,14230614144200389820,14,7,13,000,2023,06,10,4,3,2,2,0,0,0,1,0,0,0,0,"740089,783499999903142","5693925,462700000032783",12.447708349000038,51.34580918800003,1,2,2,2,Ost
254820,14230614144000398540,14,7,13,000,2023,06,14,4,3,6,2,0,0,0,1,1,0,0,0,"729982,374800000339746","5694279,589700000360608",12.303058588000056,51.35316701800008,1,7,7,7,Alt-West
254831,14230713148310509200,14,7,13,000,2023,07,12,5,3,0,1,0,0,0,0,0,1,0,0,"728951,560399999842048","5690769,551500000059605",12.28602393500006,51.32207298800006,1,6,6,6,West
254840,14230613148410433670,14,7,13,000,2023,06,17,3,3,5,2,0,0,1,1,0,0,0,0,"735318,726999999955297","5692590,051300000399351",12.378442445000076,51.33581695400005,1,0,0,0,Mitte
254842,14230613144200453660,14,7,13,000,2023,06,13,3,3,5,3,0,0,1,1,0,0,0,0,"735792,960799999535084","5695152,159399999305606",12.386935103000042,51.35861865900006,1,9,9,9,Nord
254843,14230613144200389900,14,7,13,000,2023,06,16,3,3,2,6,0,0,0,1,0,0,0,0,"736831,841400000266731","5695885,818399999290705",12.402317868000068,51.36477203100003,1,1,1,1,Nordost
254845,14230613144200389830,14,7,13,000,2023,06,15,3,3,5,3,0,0,1,1,0,0,0,0,"737270,881299999542534","5694405,252399999648333",12.407625790000054,51.35129924700004,1,1,1,1,Nordost
254849,14230726144200508930,14,7,13,000,2023,07,14,4,3,5,2,0,0,0,1,0,0,0,0,"731168,269000000320375","5691913,428500000387430",12.318524087000071,51.33144520600007,1,7,7,7,Alt-West
254867,14230612148410388220,14,7,13,000,2023,06,13,2,3,0,7,0,0,1,1,0,0,0,0,"735246,265599999576807","5692847,877900000661612",12.377574330000073,51.33816127100005,1,0,0,0,Mitte
254868,14230612148310389980,14,7,13,000,2023,06,09,2,3,1,5,0,0,1,1,0,0,0,0,"727892,342100000008941","5688714,504399999976158",12.269535235000035,51.30404931800007,1,6,6,6,West
254869,14230612148210410930,14,7,13,000,2023,06,17,2,2,0,1,0,0,1,0,0,0,0,0,"735253,120299999602139","5689601,505999999120831",12.37553030600003,51.30901778900005,1,4,4,4,Süd
254870,14230612148210398100,14,7,13,000,2023,06,12,2,3,2,6,0,0,0,1,0,1,0,0,"732910,330299999564886","5694190,518300000578165",12.344975787000067,51.35117519100004,1,0,0,0,Mitte
254871,14230612148110389940,14,7,13,000,2023,06,17,2,2,1,7,0,0,1,0,0,0,0,1,"732885,612200000323355","5695866,813999999314547",12.345718710000028,51.36623277000007,1,8,8,8,Nordwest
254875,14230612144200388840,14,7,13,000,2023,06,17,2,2,5,7,0,0,0,1,0,1,0,0,"741864,315899999812245","5694342,267599999904633",12.473423841000056,51.34879806300006,1,2,2,2,Ost
254894,14230611148310388180,14,7,13,000,2023,06,23,1,3,8,1,2,0,0,0,0,1,0,0,"730808,119099999777973","5694763,390799999237061",12.315210634000039,51.357175323000035,1,7,7,7,Alt-West
254895,14230611144200388850,14,7,13,000,2023,06,10,1,2,5,2,0,0,1,0,0,0,0,1,"735037,010499999858439","5691576,473400000482798",12.373736872000052,51.32683518200008,1,0,0,0,Mitte
254909,14230610148310387300,14,7,13,000,2023,06,11,7,3,0,1,0,0,1,0,0,0,0,0,"731759,385400000028312","5689909,196699999272823",12.32569163900007,51.31321300400003,1,5,5,5,Südwest
254910,14230610148211388900,14,7,13,000,2023,06,11,7,3,1,3,0,0,1,1,0,0,0,0,"736224,189500000327826","5689671,368599999696016",12.389483837000057,51.30924277400004,1,4,4,4,Süd
254912,14230610148210388910,14,7,13,000,2023,06,17,7,3,0,1,0,0,1,0,0,0,0,0,"735232,510300000198185","5689611,574699999764562",12.375241773000027,51.30911668600004,1,4,4,4,Süd
254913,14230610148110387260,14,7,13,000,2023,06,14,7,3,5,3,0,0,0,1,0,0,0,1,"739939,788200000301003","5698065,658399999141693",12.448351604000038,51.38303347000004,1,1,1,1,Nordost
254914,14230610148110387250,14,7,13,000,2023,06,13,7,3,5,3,0,0,1,1,0,0,0,0,"733376,954099999740720","5697666,727600000798702",12.35394625300006,51.38218808500005,1,8,8,8,Nordwest
254915,14230610144200388040,14,7,13,000,2023,06,18,7,2,5,3,0,0,1,1,0,0,0,0,"735883,810700000263751","5692780,455499999225140",12.38666616300003,51.33729198200007,1,0,0,0,Mitte
254922,14230802144200528940,14,7,13,000,2023,08,12,4,3,3,2,0,0,0,1,0,0,0,1,"740878,146999999880791","5695025,730000000447035",12.459751747000041,51.35535123600005,1,2,2,2,Ost
254936,14230701148310452070,14,7,13,000,2023,07,12,7,3,6,7,0,0,0,1,1,0,0,0,"727470,449500000104308","5693468,775699999183416",12.26652690900005,51.34689895900004,1,7,7,7,Alt-West
254937,14230609148310400220,14,7,13,000,2023,06,16,6,3,2,6,0,0,0,1,0,0,0,1,"731901,668600000441074","5689059,563200000673532",12.32717744000007,51.30552802100004,1,5,5,5,Südwest
254938,14230609148310388170,14,7,13,000,2023,06,15,6,3,5,3,0,0,0,1,0,1,0,0,"729832,232400000095367","5694455,395500000566244",12.301019593000035,51.35480596300005,1,7,7,7,Alt-West
254939,14230609148310386910,14,7,13,000,2023,06,06,6,3,4,6,0,0,1,0,0,0,0,0,"733351,991100000217557","5691758,131699999794364",12.349713460000032,51.329159514000025,1,5,5,5,Südwest
254940,14230609148310386900,14,7,13,000,2023,06,10,6,3,5,3,0,0,1,1,0,0,0,0,"730749,779400000348687","5685497,152699999511242",12.30837914700004,51.274016148000044,1,5,5,5,Südwest
254941,14230609144100498460,14,7,13,000,2023,06,13,6,3,5,3,0,0,0,1,0,0,0,0,"734404,895999999716878","5692968,703999999910593",12.365596202000063,51.33959328900005,1,0,0,0,Mitte
254959,14230608148410376090,14,7,13,000,2023,06,12,5,3,5,3,0,0,1,1,0,0,0,0,"734444,123599999584258","5692132,377800000831485",12.365608014000031,51.33206987500006,1,0,0,0,Mitte
254960,14230608144200388050,14,7,13,000,2023,06,10,5,3,5,3,0,1,1,1,0,0,0,0,"735544,514700000174344","5697396,411699999123812",12.38485975900005,51.378866627000036,1,9,9,9,Nord
254961,14230608144200388020,14,7,13,000,2023,06,11,5,3,5,3,0,0,1,1,0,0,0,0,"735529,663499999791384","5692695,682600000873208",12.381535013000075,51.336677817000066,1,0,0,0,Mitte
254962,14230608144200375950,14,7,13,000,2023,06,14,5,3,5,3,0,0,0,1,0,0,0,1,"736793,577200000174344","5693337,116399999707937",12.40007343600007,51.34191057100003,1,2,2,2,Ost
254963,14230608144200375940,14,7,13,000,2023,06,17,5,3,1,5,0,1,1,1,0,0,0,0,"734735,012799999676645","5694883,477499999105930",12.371589775000075,51.35664486600007,1,9,9,9,Nord
254977,14230607148310375510,14,7,13,000,2023,06,07,4,3,0,1,0,0,1,0,0,0,0,0,"731990,524299999698997","5692617,290300000458956",12.33076488100005,51.33742885700008,1,7,7,7,Alt-West
254979,14230607148210376060,14,7,13,000,2023,06,08,4,3,0,3,0,1,1,1,0,0,0,0,"734911,796400000341237","5690646,569099999964237",12.371330166000064,51.318539687000055,1,4,4,4,Süd
254980,14230607148110390760,14,7,13,000,2023,06,18,4,2,5,2,0,0,1,1,0,0,0,0,"735604,654199999757111","5695314,454099999740720",12.384342809000032,51.36015355900008,1,9,9,9,Nord
254981,14230607148110375500,14,7,13,000,2023,06,15,4,3,5,3,0,0,1,1,0,0,0,0,"734170,001699999906123","5696465,270099999383092",12.364530763000062,51.371076807000065,1,9,9,9,Nord
254992,14230606148410375520,14,7,13,000,2023,06,07,3,3,5,3,0,1,1,1,0,0,0,0,"734834,487399999983609","5692215,172000000253320",12.371256118000076,51.33265204000003,1,0,0,0,Mitte
254993,14230606148310387290,14,7,13,000,2023,06,15,3,3,0,1,0,1,1,0,0,0,0,0,"736055,379200000315905","5689718,836699999868870",12.387097596000046,51.30973888600005,1,4,4,4,Süd
254994,14230606148310387280,14,7,13,000,2023,06,22,3,3,0,1,2,1,0,0,0,1,0,0,"731315,492200000211596","5692010,617000000551343",12.320696824000038,51.33225780400005,1,7,7,7,Alt-West
254995,14230606148223376080,14,7,13,000,2023,06,17,3,3,6,6,0,1,1,0,1,0,0,0,"735546,195799999870360","5692935,611600000411272",12.381930579000027,51.338824645000045,1,0,0,0,Mitte
254996,14230606148210376070,14,7,13,000,2023,06,07,3,3,0,1,0,1,1,0,0,0,0,0,"738029,474000000394881","5691370,446599999442697",12.416471860000058,51.323741760000075,1,3,3,3,Südost
254997,14230606148110368970,14,7,13,000,2023,06,08,3,3,0,1,0,1,1,0,0,0,0,0,"737836,214700000360608","5695039,391400000080466",12.416153288000032,51.35675499300004,1,1,1,1,Nordost
254998,14230606144200376010,14,7,13,000,2023,06,13,3,3,5,2,0,0,1,1,0,0,0,0,"734864,313000000081956","5694103,528999999165535",12.372928804000026,51.34959034700006,1,0,0,0,Mitte
254999,14230606144200375981,14,7,13,000,2023,06,09,3,3,5,3,0,1,0,1,0,0,0,0,"736793,934500000439584","5693337,530099999159575",12.40007883100003,51.34191413600007,1,2,2,2,Ost
255018,14230605148410386920,14,7,13,000,2023,06,13,2,3,1,5,0,0,1,1,0,0,0,0,"735782,251600000075996","5691889,679800000041723",12.384621309000067,51.32933824400004,1,0,0,0,Mitte
255019,14230605148110399740,14,7,13,000,2023,06,18,2,3,5,3,0,0,1,1,0,0,0,0,"734457,559999999590218","5695074,053999999538064",12.367737590000047,51.358470090000026,1,9,9,9,Nord
255020,14230605144200481110,14,7,13,000,2023,06,11,2,2,5,3,0,0,0,1,0,0,0,0,"736686,426500000059605","5693032,171499999240041",12.398335132000057,51.33921795400005,1,3,3,3,Südost
255021,14230605144200388060,14,7,13,000,2023,06,16,2,2,5,3,0,0,0,1,0,1,0,0,"737974,277200000360608","5690943,175400000065565",12.415395940000053,51.319929657000046,1,3,3,3,Südost
255022,14230605144200376020,14,7,13,000,2023,06,17,2,3,2,6,0,0,0,1,0,0,0,0,"734547,289400000125170","5691355,959400000050664",12.366575324000053,51.32505785800004,1,4,4,4,Süd
255051,14230604148310453740,14,7,13,000,2023,06,06,1,3,0,4,0,0,0,1,1,0,0,0,"732564,175499999895692","5692050,024900000542402",12.33861569100003,51.33210238100003,1,5,5,5,Südwest
255052,14230604148310368040,14,7,13,000,2023,06,13,1,2,0,1,0,0,1,0,0,0,0,0,"731743,372999999672174","5692721,965800000354648",12.327290976000029,51.33846927800005,1,7,7,7,Alt-West
255053,14230604148310368020,14,7,13,000,2023,06,18,1,3,1,5,0,0,1,1,0,0,0,0,"732938,542500000447035","5691062,626700000837445",12.343334846000062,51.32308564300007,1,5,5,5,Südwest
255054,14230604148210460130,14,7,13,000,2023,06,15,1,2,6,6,0,0,1,0,1,0,0,0,"734388,334200000390410","5689506,102099999785423",12.363082232000068,51.30851811500003,1,4,4,4,Süd
255055,14230604148210368010,14,7,13,000,2023,06,19,1,3,0,1,0,0,1,0,0,0,0,0,"739939,734400000423193","5694092,477600000798702",12.445670371000062,51.34737160700007,1,2,2,2,Ost
255056,14230604144320785990,14,7,29,260,2023,06,18,1,3,5,3,0,0,0,1,0,1,0,0,"735701,909900000318885","5687342,216099999845028",12.380466142000046,51.28855192900005,1,4,4,4,Süd
255072,14230603148310368980,14,7,13,000,2023,06,02,7,3,0,1,2,0,1,0,0,0,0,0,"731541,611700000241399","5693238,756699999794364",12.32473537900006,51.343190605000075,1,7,7,7,Alt-West
255086,14230720144200527310,14,7,13,000,2023,07,12,5,3,5,2,0,0,0,0,0,0,1,1,"730266,538599999621511","5691351,787299999967217",12.305239623000034,51.32676910200007,1,6,6,6,West
255098,14230602148410398840,14,7,13,000,2023,06,13,6,3,2,6,0,0,0,0,0,0,1,1,"735111,153500000014901","5694294,423399999737740",12.376593207000042,51.351201839000055,1,0,0,0,Mitte
255099,14230602148410388920,14,7,13,000,2023,06,06,6,3,5,3,0,0,1,0,0,0,1,0,"736175,528800000436604","5691045,838099999353290",12.389697064000075,51.32160057200008,1,0,0,0,Mitte
255100,14230602148110388100,14,7,13,000,2023,06,11,6,3,3,2,0,0,1,1,0,0,0,0,"738080,217600000090897","5697579,808800000697374",12.42135218900006,51.37945535000006,1,1,1,1,Nordost
255101,14230602144200410900,14,7,13,000,2023,06,15,6,3,3,7,0,0,0,1,0,0,0,0,"739978,658999999985099","5694243,452999999746680",12.446330034000027,51.34871028500004,1,2,2,2,Ost
255102,14230602144200375990,14,7,13,000,2023,06,11,6,2,5,3,0,0,0,1,0,0,0,0,"739223,552099999971688","5697235,807000000029802",12.437519339000062,51.37588718200004,1,1,1,1,Nordost
255105,14230602144200367400,14,7,13,000,2023,06,08,6,3,1,5,0,0,1,1,0,0,0,0,"741340,061700000427663","5687239,273499999195337",12.461103210000033,51.28526745600004,1,3,3,3,Südost
255120,14230601148410411010,14,7,13,000,2023,06,08,5,3,5,2,0,0,1,1,0,0,0,0,"734264,222699999809265","5691962,842800000682473",12.36291873500005,51.33062216700006,1,0,0,0,Mitte
255121,14230601148410387340,14,7,13,000,2023,06,11,5,3,5,3,0,0,1,1,0,0,0,0,"734847,455199999734759","5692502,877699999138713",12.371631576000027,51.335229248000076,1,0,0,0,Mitte
255131,14231002148410681460,14,7,13,000,2023,10,08,2,3,0,6,0,0,1,0,0,0,0,0,"735606,732800000347197","5693351,095100000500679",12.383072988000038,51.342529067000044,1,0,0,0,Mitte
255132,14231002148410681450,14,7,13,000,2023,10,09,2,3,3,2,0,0,1,1,0,0,0,0,"735564,218600000254810","5692151,114099999889731",12.381670146000033,51.33177529000005,1,0,0,0,Mitte
255133,14231002144200893080,14,7,13,000,2023,10,13,2,3,5,2,0,0,1,0,0,0,0,1,"732202,244099999777973","5691943,668099999427795",12.333360061000064,51.331295510000075,1,7,7,7,Alt-West
255134,14231002144200695790,14,7,13,000,2023,10,12,2,3,5,3,0,0,1,1,0,0,0,0,"734682,036999999545515","5694725,872999999672174",12.37072633400004,51.35525202700006,1,0,0,0,Mitte
255135,14231002144200689070,14,7,13,000,2023,10,11,2,2,6,2,0,0,0,0,1,0,0,1,"737372,719700000248849","5692660,093699999153614",12.407922280000037,51.33559210300007,1,3,3,3,Südost
255148,14231001144200689090,14,7,13,000,2023,10,19,1,3,5,3,2,0,0,1,0,0,0,0,"736572,153300000354648","5697169,511700000613928",12.399448403000065,51.37640277300005,1,1,1,1,Nordost
255151,14230930148410696320,14,7,13,000,2023,09,17,7,3,5,3,0,0,1,0,0,0,0,0,"736365,182799999602139","5693790,463800000026822",12.394234728000072,51.34615814000006,1,0,0,0,Mitte
255152,14230930148410688540,14,7,13,000,2023,09,20,7,3,0,6,2,0,0,1,0,1,0,0,"734859,566300000064075","5694214,656899999827147",12.372934084000065,51.35058983300007,1,0,0,0,Mitte
255153,14230930148320716770,14,7,13,000,2023,09,00,7,3,0,1,2,0,1,0,0,0,0,0,"731759,561800000257790","5689911,774000000208616",12.325695840000037,51.31323606800004,1,5,5,5,Südwest
255160,14230929148310688840,14,7,13,000,2023,09,07,6,3,5,2,0,0,1,1,0,0,0,0,"731626,741999999620020","5688721,478299999609590",12.323020675000066,51.30260498600006,1,5,5,5,Südwest
255161,14230929148110708720,14,7,13,000,2023,09,04,6,3,0,1,2,0,1,0,0,0,0,0,"729263,046799999661744","5700941,531199999153614",12.297044864000043,51.41326206900004,1,8,8,8,Nordwest
255162,14230929148110688790,14,7,13,000,2023,09,12,6,3,6,4,0,0,1,0,1,0,0,0,"734507,010700000450015","5695450,366499999538064",12.368694639000068,51.36182761400005,1,9,9,9,Nord
255163,14230929144200688290,14,7,13,000,2023,09,20,6,2,9,1,2,0,1,0,0,0,0,0,"742029,764999999664724","5693158,381999999284744",12.474990533000039,51.33810178300007,1,2,2,2,Ost
255164,14230929144200680560,14,7,13,000,2023,09,13,6,3,5,2,0,0,0,1,0,0,0,1,"740532,766499999910593","5690624,801000000908971",12.45182937800007,51.31599637000005,1,3,3,3,Südost
255166,14230929144200680510,14,7,13,000,2023,09,14,6,3,6,4,0,0,0,1,1,0,0,0,"737199,468000000342727","5692084,921499999240041",12.405056753000054,51.33050158800006,1,3,3,3,Südost
255181,14230928148310729520,14,7,13,000,2023,09,17,5,3,6,4,0,0,0,0,1,1,0,0,"731925,977400000207126","5688932,148199999704957",12.32744277200004,51.304374334000045,1,5,5,5,Südwest
255182,14230928148310708760,14,7,13,000,2023,09,18,5,3,0,1,0,0,1,0,0,0,0,0,"732474,988499999977648","5691788,572699999436736",12.337167116000046,51.32979185600004,1,5,5,5,Südwest
255202,14230927148410695840,14,7,13,000,2023,09,16,4,3,3,2,0,0,0,1,0,0,0,1,"734808,220099999569356","5692641,889200000092387",12.371160961000044,51.33649327200004,1,0,0,0,Mitte
255203,14230927148410675200,14,7,13,000,2023,09,07,4,3,6,4,0,0,0,0,1,1,0,0,"736728,717500000260770","5692722,275200000032783",12.398735250000072,51.33641867600005,1,3,3,3,Südost
255223,14230926148410680920,14,7,13,000,2023,09,14,3,3,4,6,0,0,1,0,0,0,0,0,"735702,638399999588728","5692871,177200000733137",12.384129912000049,51.33818144300005,1,0,0,0,Mitte
255224,14230926148310756750,14,7,13,000,2023,09,09,3,2,5,3,0,0,0,1,0,0,0,1,"729694,709900000132620","5693393,087500000372529",12.29836240700007,51.34532517300005,1,7,7,7,Alt-West
255225,14230926144200681130,14,7,13,000,2023,09,20,3,3,5,3,2,0,1,0,0,1,0,0,"732792,148299999535084","5691583,558199999853969",12.341577709000035,51.32782180100003,1,5,5,5,Südwest
255228,14230929148210681670,14,7,13,000,2023,09,15,6,3,2,2,0,0,0,1,0,0,0,0,"741022,251799999736249","5695324,704700000584126",12.462019989000055,51.35797359700007,1,2,2,2,Ost
255240,14230925148410697030,14,7,13,000,2023,09,07,2,3,5,3,0,0,1,1,0,0,0,0,"734611,150000000372529","5692440,207000000402331",12.368204043000048,51.33476421600005,1,0,0,0,Mitte
255241,14230925148310688850,14,7,13,000,2023,09,16,2,3,5,3,0,0,1,0,0,1,0,0,"731315,093999999575317","5690691,516000000759959",12.31983507600006,51.32041654600005,1,5,5,5,Südwest
255242,14230925148110655831,14,7,13,000,2023,09,06,2,3,4,2,0,0,0,1,0,1,0,0,"735996,807000000029802","5699795,930999999865890",12.39294159900004,51.400217233000035,1,9,9,9,Nord
255244,14230925143263674820,14,7,13,000,2023,09,16,2,3,6,4,0,0,0,0,1,0,0,1,"731886,157899999991059","5698693,742200000211596",12.333231006000062,51.39201807300003,1,8,8,8,Nordwest
255260,14230924148310654970,14,7,13,000,2023,09,12,1,3,0,1,0,0,1,0,0,0,0,0,"732583,138100000098348","5692080,127299999818206",12.338907064000068,51.332364848000054,1,5,5,5,Südwest
255261,14230924144200655350,14,7,13,000,2023,09,19,1,3,4,2,2,0,0,1,0,0,0,0,"735739,275200000032783","5695363,930099999532104",12.38630573200004,51.36054183400006,1,9,9,9,Nord
255262,14230924144200654920,14,7,13,000,2023,09,17,1,2,0,1,0,0,0,0,0,1,0,0,"739067,995799999684095","5692164,074100000783801",12.43188157700007,51.33042984300005,1,2,2,2,Ost
255268,14230923148320688830,14,7,13,000,2023,09,23,7,3,6,7,2,0,0,1,1,0,0,0,"731113,424200000241399","5685416,502699999138713",12.313531429000022,51.27314481500008,1,5,5,5,Südwest
255269,14230923148211729510,14,7,13,000,2023,09,05,7,2,1,1,2,0,0,1,0,0,0,0,"740572,945700000040233","5688919,270199999213219",12.451254972000072,51.30067106700005,1,3,3,3,Südost
255271,14230923148210654960,14,7,13,000,2023,09,09,7,3,5,3,0,0,1,1,0,0,0,0,"742070,325799999758601","5690772,541500000283122",12.47395141100003,51.31667053600006,1,2,2,2,Ost
255281,14230922148410689120,14,7,13,000,2023,09,13,6,3,5,2,0,0,1,1,0,0,0,0,"735005,675499999895692","5691892,792400000616908",12.373496497000076,51.32968753200004,1,0,0,0,Mitte
255282,14230922148410681470,14,7,13,000,2023,09,01,6,3,0,7,2,0,0,1,0,0,0,1,"735460,957999999634922","5693291,017999999225140",12.380944002000035,51.34205018200004,1,0,0,0,Mitte
255284,14230922148310680910,14,7,13,000,2023,09,17,6,3,0,1,0,0,1,0,0,0,0,0,"732579,278199999593198","5692080,089800000190735",12.338851729000055,51.33236609000005,1,5,5,5,Südwest
255285,14230922148110654010,14,7,13,000,2023,09,05,6,3,8,1,1,1,0,1,0,0,0,0,"729125,872600000351667","5700764,987999999895692",12.29496161000003,51.41173267800008,1,8,8,8,Nordwest