OID_,UIDENTSTLAE,ULAND,UREGBEZ,UKREIS,UGEMEINDE,UJAHR,UMONAT,USTUNDE,UWOCHENTAG,UKATEGORIE,UART,UTYP1,ULICHTVERH,IstStrassenzustand,IstRad,IstPKW,IstFuss,IstKrad,IstGkfz,IstSonstige,LINREFX,LINREFY,XGCSWGS84,YGCSWGS84,PLST,index_right,FID,SBZ,Name
256926,14231028144200907450,14,7,13,000,2023,10,18,7,2,5,2,2,0,1,1,0,0,0,0,"737372,630599999800324","5693159,301999999210238",12.408253664000028,51.34007306400008,1,2,2,2,Ost
256927,14231028144200756710,14,7,13,000,2023,10,07,7,3,8,1,1,1,0,1,0,0,0,0,"740793,588100000284612","5693936,892300000414252",12.45780303600003,51.34561413000006,1,2,2,2,Ost
256930,14231102148110770760,14,7,13,000,2023,11,11,5,3,0,1,0,0,1,0,0,0,0,0,"733040,047699999995530","5698077,689200000837445",12.34938291700007,51.38601547400003,1,8,8,8,Nordwest
256939,14231220144200918520,14,7,13,000,2023,12,21,4,3,5,3,2,1,0,1,0,0,0,1,"735482,611700000241399","5692709,316299999132752",12.380869758000074,51.336819681000065,1,0,0,0,Mitte
256942,14231027148422770820,14,7,13,000,2023,10,19,6,3,3,2,2,0,1,1,0,0,0,0,"736892,902900000102818","5690810,820599999278784",12.399817573000064,51.319192815000065,1,0,0,0,Mitte
256943,14231027148410756040,14,7,13,000,2023,10,13,6,3,5,3,0,1,1,1,0,0,0,0,"734526,961500000208616","5693630,152200000360608",12.367781188000038,51.34548040200008,1,0,0,0,Mitte
256944,14231027148210786300,14,7,13,000,2023,10,16,6,3,5,2,0,1,0,1,0,0,0,0,"743234,397599999792874","5694200,128000000491738",12.492963383000074,51.346937773000036,1,2,2,2,Ost
256945,14231027148210770420,14,7,13,000,2023,10,16,6,3,6,4,0,1,0,1,1,0,0,0,"735299,527900000102818","5690236,762000000104308",12.376613946000077,51.31470091700004,1,4,4,4,Süd
256946,14231027148210757410,14,7,13,000,2023,10,12,6,3,5,2,0,1,1,1,0,0,0,0,"734724,693300000391901","5690672,387599999085069",12.368666939000036,51.318848649000074,1,4,4,4,Süd
256947,14231027144200756170,14,7,13,000,2023,10,19,6,3,8,1,2,1,0,1,0,0,0,0,"730504,313699999824166","5690711,245999999344349",12.308232367000073,51.32092267400003,1,6,6,6,West
256958,14231106144200770710,14,7,13,000,2023,11,13,2,3,5,3,0,0,1,1,0,0,0,0,"737183,580699999816716","5693765,637700000777841",12.40594823400005,51.345594462000065,1,2,2,2,Ost
256974,14231027144200985440,14,7,13,000,2023,10,09,6,2,2,6,0,1,0,0,0,0,0,1,"732713,172600000165403","5692709,977099999785423",12.341181825000035,51.33796562400005,1,7,7,7,Alt-West
256976,14231026148410749590,14,7,13,000,2023,10,00,5,3,5,1,2,1,0,1,0,0,0,0,"734991,238400000147521","5693930,337500000372529",12.374633882000069,51.34798326400005,1,0,0,0,Mitte
256977,14231026148310769950,14,7,13,000,2023,10,15,5,3,5,3,0,0,0,1,0,0,0,1,"730262,766999999992549","5691365,463999999687076",12.305194418000042,51.32689340400003,1,6,6,6,West
256978,14231026148210757030,14,7,13,000,2023,10,17,5,3,5,3,0,0,1,1,0,0,0,0,"738402,236999999731779","5691233,105599999427795",12.421720108000045,51.32235292900003,1,3,3,3,Südost
256980,14231026144320033870,14,7,13,000,2023,10,08,5,2,3,6,0,0,0,1,0,0,0,1,"734999,817999999970198","5690897,009199999272823",12.372756105000065,51.32075140000006,1,4,4,4,Süd
256981,14231026144200755970,14,7,13,000,2023,10,15,5,3,4,2,0,0,1,1,0,0,0,0,"730266,727500000037253","5694568,068099999800324",12.307321888000047,51.35564154700006,1,7,7,7,Alt-West
256991,14231204148310893150,14,7,13,000,2023,12,16,2,3,5,2,2,2,1,0,0,0,0,1,"732395,226999999955297","5692036,673000000417233",12.336186028000043,51.33205157800006,1,5,5,5,Südwest
256996,14231025148410826780,14,7,13,000,2023,10,09,4,3,5,3,0,0,0,1,0,0,0,0,"735762,541199999861419","5692889,986400000751019",12.385000812000044,51.33832544900008,1,0,0,0,Mitte
256997,14231025148410787550,14,7,13,000,2023,10,07,4,3,5,3,0,1,1,1,0,0,0,0,"734045,894999999552965","5693524,037000000476837",12.360816147000037,51.34472610300003,1,0,0,0,Mitte
256998,14231025148410749630,14,7,13,000,2023,10,14,4,3,1,5,0,0,1,1,0,0,0,0,"733993,947399999946356","5693384,526900000870228",12.359979898000063,51.343495174000054,1,0,0,0,Mitte
256999,14231025148410749620,14,7,13,000,2023,10,09,4,3,1,5,0,0,1,1,0,0,0,0,"735950,786799999885261","5692208,031600000336766",12.387246859000072,51.332125975000054,1,0,0,0,Mitte
257000,14231025148410749610,14,7,13,000,2023,10,14,4,3,2,6,0,0,1,1,0,0,0,0,"734012,512099999934435","5693392,016300000250340",12.360250903000065,51.34355476200005,1,0,0,0,Mitte
257001,14231025148410749220,14,7,13,000,2023,10,14,4,3,2,6,0,0,1,1,0,0,0,0,"734772,530199999921024","5693717,076300000771880",12.371358293000071,51.346159313000044,1,0,0,0,Mitte
257002,14231025148410749210,14,7,13,000,2023,10,09,4,3,3,3,0,0,1,1,0,0,0,0,"736067,120500000193715","5693598,613800000399351",12.389835366000057,51.34455989500003,1,0,0,0,Mitte
257004,14231025148110786280,14,7,13,000,2023,10,07,4,3,5,3,0,1,1,0,0,0,0,0,"735890,036899999715388","5694576,615800000727177",12.387945354000067,51.353412167000045,1,9,9,9,Nord
257005,14231025144200806040,14,7,13,000,2023,10,18,4,3,5,2,2,1,1,1,0,0,0,0,"731761,598600000143051","5689787,008400000631809",12.325643955000032,51.31211523600007,1,5,5,5,Südwest
257006,14231025144200757370,14,7,13,000,2023,10,07,4,3,2,6,0,1,1,1,0,0,0,1,"737898,644299999810755","5695325,274199999868870",12.417239431000041,51.35929493100008,1,1,1,1,Nordost
257013,14231208148310918580,14,7,13,000,2023,12,12,6,3,0,6,0,0,0,1,0,0,0,1,"732311,499900000169873","5690623,750800000503659",12.334065414000065,51.31940232100004,1,5,5,5,Südwest
257020,14231024148410732410,14,7,13,000,2023,10,18,3,3,5,3,2,1,0,1,0,0,0,0,"734824,043300000019372","5694846,002900000661612",12.372841445000063,51.356271701000026,1,0,0,0,Mitte
257023,14231024148310757440,14,7,13,000,2023,10,19,3,3,2,2,2,1,1,1,0,0,0,0,"730335,626699999906123","5690014,556299999356270",12.305365682000058,51.314736776000075,1,5,5,5,Südwest
257024,14231024144200767600,14,7,13,000,2023,10,16,3,2,5,3,1,1,1,1,0,0,0,0,"733949,713100000284612","5693153,555999999865890",12.359194162000051,51.34144006500003,1,0,0,0,Mitte
257025,14231024144200749490,14,7,13,000,2023,10,13,3,3,4,2,0,1,1,1,0,0,0,0,"736168,540500000119209","5692947,120899999514222",12.390856947000032,51.338669838000044,1,0,0,0,Mitte
257026,14231024144200749470,14,7,13,000,2023,10,07,3,3,6,4,0,1,0,1,1,0,0,0,"735313,277400000020862","5691844,872700000181794",12.377872237000076,51.329130228000054,1,0,0,0,Mitte
257028,14231024144200749110,14,7,13,000,2023,10,16,3,3,5,3,1,1,1,0,0,0,0,0,"734999,319299999624491","5692262,511700000613928",12.373649245000024,51.333008902000074,1,0,0,0,Mitte
257049,14231023148410757450,14,7,13,000,2023,10,15,2,3,5,3,0,0,1,1,0,0,0,0,"733982,976499999873340","5695284,104000000283122",12.361071450000054,51.36055120200007,1,9,9,9,Nord
257050,14231023148410749600,14,7,13,000,2023,10,20,2,3,0,1,2,0,1,0,0,0,0,0,"736592,227500000037253","5693023,570900000631809",12.396979466000062,51.33917995200005,1,3,3,3,Südost
257053,14231023148110731850,14,7,13,000,2023,10,12,2,3,5,3,0,0,0,1,0,0,0,0,"737050,699000000022352","5697507,066999999806285",12.40653702700007,51.37923312800007,1,1,1,1,Nordost
257055,14231023144200756160,14,7,13,000,2023,10,13,2,3,2,6,0,0,0,1,0,0,0,0,"730167,079099999740720","5689974,421299999579787",12.302925404000064,51.31444466900007,1,6,6,6,West
257056,14231023144200749120,14,7,13,000,2023,10,16,2,3,1,1,0,0,0,1,0,0,0,0,"736953,248599999584258","5694053,833799999207258",12.402838748000022,51.34827738100006,1,2,2,2,Ost
257057,14231023144200732350,14,7,13,000,2023,10,09,2,3,5,3,0,0,0,0,0,1,0,1,"731228,588999999687076","5696567,065999999642372",12.322411848000058,51.37319565000007,1,8,8,8,Nordwest
257058,14231023144200732330,14,7,13,000,2023,10,15,2,3,3,6,0,0,1,0,0,1,0,0,"735145,901800000108778","5689206,359799999743700",12.373734353000032,51.30551508700006,1,4,4,4,Süd
257067,14231206148310867090,14,7,13,000,2023,12,19,4,3,5,2,2,1,1,1,0,0,0,0,"732153,031799999997020","5690953,631599999964237",12.332010043000025,51.322428262000074,1,5,5,5,Südwest
257082,14231021148310749200,14,7,13,000,2023,10,10,7,3,0,1,0,1,1,0,0,0,0,0,"732170,918399999849498","5692686,384800000116229",12.333395190000033,51.33797548300004,1,7,7,7,Alt-West
257083,14231021148310731480,14,7,13,000,2023,10,21,7,3,3,2,2,0,1,0,0,0,0,0,"732437,393000000156462","5691678,161000000312924",12.336556405000067,51.32881608300005,1,5,5,5,Südwest
257084,14231021148310731200,14,7,13,000,2023,10,13,7,2,5,2,0,0,1,1,0,0,0,0,"732893,059600000269711","5690897,173399999737740",12.342575149000027,51.32161903900004,1,5,5,5,Südwest
257085,14231021148310731190,14,7,13,000,2023,10,09,7,2,6,2,0,1,0,1,1,0,0,0,"729323,419999999925494","5690831,492200000211596",12.29139144100003,51.32247928900006,1,6,6,6,West
257086,14231021148211731170,14,7,13,000,2023,10,00,7,3,1,5,2,1,0,1,0,0,0,0,"736701,315499999560416","5689642,315099999308586",12.396297752000066,51.30878379600006,1,4,4,4,Süd
257087,14231021148120731160,14,7,13,000,2023,10,02,7,3,9,1,2,1,0,1,0,0,0,0,"738425,142199999652803","5697626,521099999547005",12.426330786000051,51.37972991300006,1,1,1,1,Nordost
257100,14231020148310732370,14,7,13,000,2023,10,21,6,2,9,1,2,1,0,1,0,0,0,0,"728955,905600000172853","5690772,888900000602007",12.286088333000066,51.32210120000008,1,6,6,6,West
257101,14231020148229769940,14,7,13,000,2023,10,23,6,3,1,1,2,1,0,1,0,0,0,1,"736824,246500000357628","5692834,463099999353290",12.400178759000028,51.33738591800005,1,3,3,3,Südost
257102,14231020148210757040,14,7,13,000,2023,10,07,6,3,1,6,1,1,1,1,0,0,0,0,"741878,163700000382960","5686473,612800000235438",12.468286856000077,51.27816702900003,1,3,3,3,Südost
257104,14231020148210749560,14,7,13,000,2023,10,07,6,3,5,3,1,1,1,1,0,0,0,0,"738139,564199999906123","5690520,663899999111891",12.417481464000048,51.316068048000034,1,3,3,3,Südost
257123,14231019148410730460,14,7,13,000,2023,10,07,5,3,5,3,1,1,1,0,0,0,0,1,"734659,600100000388920","5693296,828400000929832",12.36946266700005,51.342433621000055,1,0,0,0,Mitte
257124,14231019148110729880,14,7,13,000,2023,10,10,5,3,3,7,0,1,0,1,0,0,0,0,"732722,009899999946356","5696019,383300000801682",12.343472485000063,51.367669367000076,1,8,8,8,Nordwest
257126,14231019144200786550,14,7,13,000,2023,10,11,5,3,5,3,0,1,1,0,0,0,1,0,"737203,892699999734759","5693375,827800000086427",12.405979695000042,51.34208702700005,1,2,2,2,Ost
257140,14231018148110757010,14,7,13,000,2023,10,15,4,3,5,3,0,0,0,1,0,0,0,0,"737356,984500000253320","5696811,347699999809265",12.410465531000057,51.37286042800008,1,1,1,1,Nordost
257144,14231106148110770740,14,7,13,000,2023,11,14,2,3,6,4,0,0,1,0,1,0,0,0,"736156,169099999591708","5694393,223200000822544",12.391638776000036,51.35165548600003,1,1,1,1,Nordost
257150,14231017148410731510,14,7,13,000,2023,10,15,3,3,1,5,0,0,1,1,0,0,0,0,"735301,114599999971688","5691767,938400000333786",12.37764717400006,51.32844466900008,1,0,0,0,Mitte
257151,14231017148410731220,14,7,13,000,2023,10,10,3,2,0,1,0,0,1,0,0,0,0,0,"734806,180900000035763","5692367,733400000259280",12.370951047000062,51.33403318000006,1,0,0,0,Mitte
257152,14231017148310749190,14,7,13,000,2023,10,08,3,3,3,6,0,0,1,1,0,0,0,0,"732698,631900000385940","5692081,102900000289083",12.340562678000026,51.332326368000054,1,5,5,5,Südwest
257154,14231017148310731871,14,7,13,000,2023,10,08,3,3,3,5,0,0,1,0,0,0,0,1,"731849,512600000016391","5692936,435200000181794",12.328951739000047,51.340351260000034,1,7,7,7,Alt-West
257155,14231017148210731460,14,7,13,000,2023,10,15,3,3,5,2,0,0,0,1,0,0,0,1,"732335,797100000083447","5696220,096100000664592",12.338065108000023,51.369629184000075,1,8,8,8,Nordwest
257156,14231017148210717850,14,7,13,000,2023,10,15,3,3,5,3,0,0,1,1,0,0,0,0,"736559,524500000290573","5688562,092299999669194",12.393551124000055,51.29914639100008,1,4,4,4,Süd
257175,14231016148410756230,14,7,13,000,2023,10,08,2,3,6,6,0,0,1,0,1,0,0,0,"735779,925499999895692","5692889,912799999117851",12.385249893000037,51.33831758000008,1,0,0,0,Mitte
257176,14231016148410732400,14,7,13,000,2023,10,11,2,3,3,6,0,0,1,1,0,0,0,0,"734248,885099999606609","5692296,619000000879169",12.36291839200004,51.33362462200006,1,0,0,0,Mitte
257177,14231016148410717370,14,7,13,000,2023,10,08,2,3,5,3,0,0,0,1,0,0,0,0,"733695,057199999690056","5692283,615299999713898",12.354973662000077,51.33373571900006,1,0,0,0,Mitte
257178,14231016148310717340,14,7,13,000,2023,10,07,2,3,6,4,0,0,0,1,1,0,0,0,"732279,451000000350177","5691231,935399999842048",12.334002529000031,51.32487493600007,1,5,5,5,Südwest
257179,14231016148210717310,14,7,13,000,2023,10,13,2,3,5,3,0,0,1,1,0,0,0,0,"734762,151100000366569","5689970,205900000408292",12.368741331000024,51.31253009500006,1,4,4,4,Süd
257180,14231016148110757020,14,7,13,000,2023,10,08,2,3,2,2,0,0,0,1,0,0,0,0,"731843,618900000117719","5696460,813500000163913",12.331163601000071,51.37199113100007,1,8,8,8,Nordwest
257181,14231016144200749500,14,7,13,000,2023,10,14,2,3,5,3,0,0,1,1,0,0,0,0,"741231,008100000210106","5692652,979800000786781",12.463202529000057,51.333904905000054,1,2,2,2,Ost
257194,14231015144200827370,14,7,13,000,2023,10,18,1,3,6,4,1,0,0,1,1,0,0,0,"734791,036399999633431","5692623,913399999961257",12.370902864000072,51.33633900800004,1,0,0,0,Mitte
257205,14231202148310932440,14,7,13,000,2023,12,13,7,3,5,2,0,2,0,1,0,0,0,0,"730748,553000000305474","5685497,162000000476837",12.308361601000058,51.27401672800005,1,5,5,5,Südwest
257211,14231013148410731500,14,7,13,000,2023,10,18,6,3,5,3,1,0,1,0,0,0,0,0,"734762,704599999822676","5693476,140900000929832",12.371058602000062,51.34400064000005,1,0,0,0,Mitte
257212,14231013148210716480,14,7,13,000,2023,10,17,6,3,3,5,0,0,1,1,0,0,0,0,"735077,909900000318885","5689641,632899999618530",12.37304741500003,51.30945036400004,1,4,4,4,Süd
257213,14231013148110716740,14,7,13,000,2023,10,12,6,3,6,4,0,0,0,1,1,0,0,0,"734537,598500000312924","5694934,008199999108911",12.368792810000059,51.35717995600004,1,9,9,9,Nord
257214,14231013144200731130,14,7,13,000,2023,10,11,6,3,2,6,0,0,0,1,0,0,1,0,"731071,036299999803305","5696444,533999999985099",12.320072487000061,51.37215982400005,1,8,8,8,Nordwest
257215,14231013144200716700,14,7,13,000,2023,10,17,6,3,5,2,0,0,0,1,0,0,0,0,"730843,915699999779463","5693893,776499999687076",12.315159807000043,51.34935435300008,1,7,7,7,Alt-West
257226,14231012148310787110,14,7,13,000,2023,10,11,5,3,5,3,0,1,0,1,0,1,0,0,"729224,824400000274181","5694727,472699999809265",12.29248631300004,51.35749373500005,1,7,7,7,Alt-West
257228,14231012148310716790,14,7,13,000,2023,10,10,5,3,0,1,0,1,1,0,0,0,0,0,"732220,944199999794364","5690651,081900000572205",12.332785946000058,51.31968462700007,1,5,5,5,Südwest
257229,14231012148210708740,14,7,13,000,2023,10,12,5,3,1,1,0,1,1,1,0,0,0,0,"735091,707999999634922","5689686,632999999448657",12.373274681000055,51.30984860600006,1,4,4,4,Süd
257231,14231012148110717840,14,7,13,000,2023,10,10,5,3,0,1,0,1,0,0,0,1,0,0,"731325,028099999763072","5696722,926100000739098",12.323896459000025,51.37455550200008,1,8,8,8,Nordwest
257233,14231012148110716720,14,7,13,000,2023,10,08,5,3,5,3,0,1,0,1,0,0,0,1,"734775,815499999560416","5695549,361999999731779",12.372614181000074,51.362605228000064,1,9,9,9,Nord
257234,14231012144200787540,14,7,13,000,2023,10,08,5,2,6,4,0,1,0,0,1,0,0,1,"735055,826399999670684","5690531,823400000110269",12.373317732000032,51.31745020900007,1,4,4,4,Süd
257235,14231012144200716460,14,7,13,000,2023,10,14,5,2,6,4,0,1,0,1,1,0,0,0,"734364,617300000041723","5692928,599600000306964",12.364992561000065,51.33924989600007,1,0,0,0,Mitte
257250,14231011148410731530,14,7,13,000,2023,10,08,4,3,1,5,0,0,1,1,0,0,0,0,"735995,389000000432134","5692410,161299999803305",12.388019831000065,51.33392183900003,1,0,0,0,Mitte
257251,14231011148310717320,14,7,13,000,2023,10,13,4,3,4,1,0,0,1,1,0,0,0,0,"730181,964900000020862","5693038,846400000154972",12.305117798000026,51.34194808400008,1,7,7,7,Alt-West
257252,14231231144200943650,14,7,13,000,2023,12,01,1,3,1,5,2,0,0,1,0,0,0,0,"738444,247299999929965","5692761,326400000602007",12.423344373000077,51.33605253600007,1,2,2,2,Ost
257253,14231011148210770430,14,7,13,000,2023,10,05,4,3,5,3,2,0,0,1,0,0,0,0,"737545,779099999926984","5692472,350999999791384",12.410276966000026,51.33383466200007,1,2,2,2,Ost
257255,14231011148210717010,14,7,13,000,2023,10,12,4,3,5,2,0,0,1,1,0,0,0,0,"735067,157200000248849","5690563,753799999132752",12.373501086000033,51.31773214900005,1,4,4,4,Süd
257256,14231011144200826220,14,7,13,000,2023,10,16,4,2,4,6,0,0,1,0,0,0,0,0,"739128,791000000201166","5693721,722799999639392",12.433798255000056,51.34438547000008,1,2,2,2,Ost
257257,14231011144200757000,14,7,13,000,2023,10,15,4,3,5,3,0,0,0,1,0,0,0,1,"730068,643500000238419","5690052,854299999773502",12.301565951000043,51.315188567000064,1,6,6,6,West
257272,14231117148110905810,14,7,13,000,2023,11,06,6,3,6,4,2,0,0,1,1,0,0,0,"734143,802400000393391","5696545,461500000208616",12.364207844000077,51.371807438000076,1,9,9,9,Nord
257275,14231010144320771180,14,7,13,000,2023,10,19,3,3,6,4,2,0,0,0,1,1,0,0,"734406,757799999788404","5692971,593200000002980",12.365624786000069,51.33961845700003,1,0,0,0,Mitte
257298,14231009148310716750,14,7,13,000,2023,10,08,2,3,6,4,0,1,0,1,1,0,0,0,"730156,425300000235438","5694139,584000000730157",12.30546333600006,51.351839736000045,1,7,7,7,Alt-West
257299,14231009148310716510,14,7,13,000,2023,10,17,2,3,2,6,2,1,0,1,0,0,0,0,"733480,347400000318885","5690648,132899999618530",12.35082561400003,51.31914282400004,1,5,5,5,Südwest
257300,14231009148310696640,14,7,13,000,2023,10,09,2,3,5,3,0,1,0,1,0,0,0,0,"732401,750000000000000","5690886,052999999374151",12.335529267000027,51.32172009300007,1,5,5,5,Südwest
257301,14231009148210731860,14,7,13,000,2023,10,16,2,3,5,3,0,1,0,1,0,1,0,0,"734726,616000000387430","5690883,129000000655651",12.368833207000023,51.32073956600004,1,4,4,4,Süd
257302,14231009148210696990,14,7,13,000,2023,10,16,2,3,1,3,1,1,0,1,0,0,0,0,"739959,565899999812245","5694194,079099999740720",12.44602309100003,51.348275181000076,1,2,2,2,Ost
257303,14231009144200696950,14,7,13,000,2023,10,11,2,3,2,2,0,1,0,1,0,0,0,0,"736542,928100000135601","5690726,162200000137091",12.394748151000044,51.31857848400006,1,0,0,0,Mitte
257304,14231009144200696920,14,7,13,000,2023,10,14,2,3,3,5,0,1,1,1,0,0,0,0,"735283,807799999602139","5689575,375299999490380",12.375952575000042,51.30877054700005,1,4,4,4,Süd
257314,14231008148320767640,14,7,13,000,2023,10,13,1,3,5,3,0,0,0,1,0,0,0,0,"731811,439500000327826","5689249,508899999782443",12.326008621000028,51.30726988300006,1,5,5,5,Südwest
257315,14231008148210787100,14,7,13,000,2023,10,20,1,3,3,2,2,0,0,1,0,0,0,0,"739834,519399999640882","5689146,893500000238419",12.440834991000031,51.30302565100004,1,3,3,3,Südost
257323,14231007148410756760,14,7,13,000,2023,10,00,7,3,5,3,2,0,0,1,0,0,0,1,"735457,576299999840558","5693291,771400000900030",12.380896034000045,51.342058345000055,1,0,0,0,Mitte
257324,14231011148310717360,14,7,13,000,2023,10,18,4,3,5,2,2,0,1,1,0,0,0,0,"730805,068300000391901","5691697,659900000318885",12.313179794000064,51.32965575600008,1,7,7,7,Alt-West
257325,14231007148310696060,14,7,13,000,2023,10,15,7,3,5,3,0,0,1,1,0,0,0,0,"730434,052600000053644","5691942,808800000697374",12.308021970000027,51.33200687200008,1,7,7,7,Alt-West
257326,14231007148210731470,14,7,13,000,2023,10,17,7,3,5,3,0,0,1,1,0,0,0,0,"735282,065000000409782","5690883,649000000208616",12.376790597000024,51.32051484100003,1,4,4,4,Süd
257334,14231006144200696580,14,7,13,000,2023,10,19,6,3,3,2,2,0,0,1,0,0,0,1,"734791,436099999584258","5692632,551699999719858",12.370914285000026,51.336416384000074,1,0,0,0,Mitte
257335,14231006144200695810,14,7,13,000,2023,10,12,6,3,5,3,0,0,1,1,0,0,0,0,"734790,989699999801815","5692623,238199999555945",12.37090175000003,51.33633296600004,1,0,0,0,Mitte
257336,14231103144200848950,14,7,13,000,2023,11,17,6,3,6,4,2,0,0,1,1,0,0,0,"734208,380699999630451","5692888,519600000232458",12.362727120000045,51.33895448800007,1,0,0,0,Mitte
257337,14231006144200695780,14,7,13,000,2023,10,07,6,2,5,2,0,0,1,1,0,0,0,0,"737427,562500000000000","5693235,031899999827147",12.40909137500006,51.34072988600008,1,2,2,2,Ost
257338,14231006144000696910,14,7,13,000,2023,10,15,6,3,6,6,0,0,1,0,1,0,0,0,"735283,172500000335276","5693602,563599999994040",12.378601825000032,51.34492031100007,1,0,0,0,Mitte
257343,14231005148410717410,14,7,13,000,2023,10,13,5,3,5,2,0,0,1,1,0,0,0,0,"735559,873900000005960","5692149,366399999707937",12.381606737000027,51.33176140100005,1,0,0,0,Mitte
257344,14231005148211730910,14,7,13,000,2023,10,15,5,3,2,6,0,0,0,1,0,0,0,0,"736470,975300000049174","5687475,496999999508262",12.391563702000042,51.289429588000075,1,4,4,4,Süd
257346,14231005144200695800,14,7,13,000,2023,10,05,5,3,6,7,2,0,0,1,1,0,0,0,"735631,731100000441074","5693568,277699999511242",12.38357497800007,51.34446820000005,1,0,0,0,Mitte
257354,14231004662210696150,14,7,13,000,2023,10,17,4,3,5,7,0,0,1,0,0,0,0,0,"735061,168399999849498","5693145,131100000813603",12.375117903000046,51.340906063000034,1,0,0,0,Mitte
257356,14231004148410688530,14,7,13,000,2023,10,23,4,3,6,4,2,0,0,1,1,0,0,0,"733816,513799999840558","5692562,818299999460578",12.35689734500005,51.33619207800007,1,0,0,0,Mitte
257357,14231004144200696030,14,7,13,000,2023,10,18,4,3,3,2,1,0,1,0,0,1,0,0,"738555,983000000007451","5693605,788000000640750",12.42551108400005,51.34358547800008,1,2,2,2,Ost
257367,14231003662221717450,14,7,13,000,2023,10,21,3,2,0,1,2,1,1,0,0,0,0,0,"737183,397499999962747","5693761,751499999314547",12.405943020000052,51.345559655000045,1,2,2,2,Ost
257368,14231003144200826510,14,7,13,000,2023,10,14,3,3,5,3,0,0,1,1,0,0,0,0,"732950,008399999700487","5692887,949799999594688",12.344692376000069,51.33946625600004,1,7,7,7,Alt-West
268626,14230107148310983390,14,7,13,000,2023,01,11,7,3,5,2,0,0,1,0,0,0,0,0,"730133,237108161905780","5690929,191136420704424",12.303056807000075,51.32302937600008,2,6,6,6,West
268631,14230205148410096310,14,7,13,000,2023,02,22,1,2,0,1,2,0,1,0,0,0,0,0,"732742,172714113024995","5694169,007159404456615",12.342551116000038,51.35105097200005,2,0,0,0,Mitte
268633,14230215144200095400,14,7,13,000,2023,02,18,4,3,6,4,2,0,1,0,1,0,0,0,"733606,910037681343965","5691731,824378776364028",12.353348793000066,51.32881873700006,2,5,5,5,Südwest
268647,14230419148410253200,14,7,13,000,2023,04,20,4,3,4,6,2,1,1,0,0,0,0,0,"734719,514045663760044","5693311,918557778000832",12.370331316000033,51.34254434700006,2,0,0,0,Mitte
268651,14230426148310266480,14,7,13,000,2023,04,07,4,3,2,6,0,0,1,0,0,0,0,0,"731139,115579474135302","5690735,275917640887201",12.317342347000022,51.320880884000076,2,7,7,7,Alt-West
268656,14230504148410312180,14,7,13,000,2023,05,19,5,3,3,6,0,0,1,0,0,0,0,0,"734760,073520923382603","5692607,532738939858973",12.370448360000069,51.336204750000036,2,0,0,0,Mitte
268658,14230507148210313550,14,7,13,000,2023,05,16,1,3,1,5,0,0,1,1,0,0,0,0,"736548,614731308072805","5691870,933075973764062",12.39558919600006,51.328851814000075,2,0,0,0,Mitte
268671,14230519148310325100,14,7,13,000,2023,05,13,6,3,0,1,0,0,1,0,0,0,0,0,"728722,488647167338058","5689572,566257380880415",12.281974307000041,51.31141948700008,2,6,6,6,West
268698,14230615148310399790,14,7,13,000,2023,06,17,5,3,0,7,0,0,1,0,0,0,0,0,"732568,157649767934345","5690039,586015079170465",12.337361245000068,51.314053587000046,2,5,5,5,Südwest
268701,14230619148410419560,14,7,13,000,2023,06,11,2,2,4,6,0,0,1,0,0,0,0,0,"733723,582089557545260","5691865,362403733655810",12.355108078000058,51.32996952600007,2,0,0,0,Mitte
268713,14230630148410481220,14,7,13,000,2023,06,16,6,3,4,6,0,0,1,0,0,0,0,0,"736797,946665167692117","5692500,102206058800220",12.399579629000073,51.33439559900006,2,3,3,3,Südost
268745,14230721144200497090,14,7,13,000,2023,07,12,6,3,2,7,0,1,1,0,0,0,0,1,"737082,199774273671210","5693683,355645602568984",12.40444038000004,51.34489817600007,2,2,2,2,Ost
268793,14230909148410651990,14,7,13,000,2023,09,14,7,3,6,4,0,0,1,0,1,0,0,0,"733482,657583312829956","5692255,491649710573256",12.351911585000039,51.33357049500006,2,0,0,0,Mitte
268821,14231014148110717300,14,7,13,000,2023,10,15,7,3,6,6,0,0,1,0,1,0,0,0,"731650,387993468670174","5695867,177242973819375",12.328005504000032,51.36674104900004,2,8,8,8,Nordwest
268822,14231016148410717390,14,7,13,000,2023,10,06,2,3,4,6,0,0,1,0,0,0,0,0,"732195,274804393528029","5695277,114582898095250",12.335434177000025,51.36122179500006,2,8,8,8,Nordwest
268833,14231125148410866350,14,7,13,000,2023,11,16,7,2,0,7,1,1,1,0,0,0,0,0,"735084,934335713973269","5692534,107448756694794",12.37505525000006,51.33541146700003,2,0,0,0,Mitte
268837,14231215148310892130,14,7,13,000,2023,12,08,6,3,0,1,0,2,1,0,0,0,0,0,"727629,261738372384571","5690234,002344255335629",12.266736982000054,51.31779569500003,2,6,6,6,West